Well,Sample,farm,biorep,techrep,copies/rxn,gene,integrator,type,antibiotic,matrix,copies/g,Classification
D04,10P_1,10,1,1,989.5225473,16S,1,GF,yes,manure,1979045.095,1-GF
D05,10P_1,10,1,2,1004.096787,16S,1,GF,yes,manure,2008193.574,1-GF
D06,10P_1,10,1,3,1035.513389,16S,1,GF,yes,manure,2071026.778,1-GF
E04,10P_2,10,2,1,1401.4506,16S,1,GF,yes,manure,2802901.2,1-GF
E05,10P_2,10,2,2,1424.957729,16S,1,GF,yes,manure,2849915.458,1-GF
E06,10P_2,10,2,3,1375.148976,16S,1,GF,yes,manure,2750297.952,1-GF
F04,10P_3,10,3,1,2597.190372,16S,1,GF,yes,manure,5194380.744,1-GF
F05,10P_3,10,3,2,2819.806112,16S,1,GF,yes,manure,5639612.224,1-GF
F06,10P_3,10,3,3,2667.826289,16S,1,GF,yes,manure,5335652.578,1-GF
G04,11P_1,11,1,1,13090.42609,16S,1,WF,yes,manure,26180852.18,1-WF
G05,11P_1,11,1,2,12484.20339,16S,1,WF,yes,manure,24968406.78,1-WF
G06,11P_1,11,1,3,13276.35769,16S,1,WF,yes,manure,26552715.38,1-WF
H04,11P_2,11,2,1,15108.60677,16S,1,WF,yes,manure,30217213.54,1-WF
H05,11P_2,11,2,2,15708.75914,16S,1,WF,yes,manure,31417518.28,1-WF
H06,11P_2,11,2,3,15629.18244,16S,1,WF,yes,manure,31258364.88,1-WF
A07,11P_3,11,3,1,16820.19183,16S,1,WF,yes,manure,33640383.66,1-WF
A08,11P_3,11,3,2,16030.53504,16S,1,WF,yes,manure,32061070.08,1-WF
A09,11P_3,11,3,3,16421.10739,16S,1,WF,yes,manure,32842214.78,1-WF
B07,12P_1,12,1,1,1805.852536,16S,1,WF,yes,manure,3611705.072,1-WF
B08,12P_1,12,1,2,1958.301644,16S,1,WF,yes,manure,3916603.288,1-WF
B09,12P_1,12,1,3,1946.158386,16S,1,WF,yes,manure,3892316.772,1-WF
C07,12P_2,12,2,1,3848.159209,16S,1,WF,yes,manure,7696318.418,1-WF
C08,12P_2,12,2,2,3905.465848,16S,1,WF,yes,manure,7810931.696,1-WF
C09,12P_2,12,2,3,3900.09868,16S,1,WF,yes,manure,7800197.36,1-WF
D07,12P_3,12,3,1,3740.470717,16S,1,WF,yes,manure,7480941.434,1-WF
D08,12P_3,12,3,2,3661.24322,16S,1,WF,yes,manure,7322486.44,1-WF
D09,12P_3,12,3,3,3663.323494,16S,1,WF,yes,manure,7326646.988,1-WF
E07,13P_1,13,1,1,200782.0337,16S,2,GF,yes,manure,401564067.4,2-GF
E08,13P_1,13,1,2,195514.6422,16S,2,GF,yes,manure,391029284.4,2-GF
E09,13P_1,13,1,3,195818.0146,16S,2,GF,yes,manure,391636029.2,2-GF
F07,13P_2,13,2,1,211181.2679,16S,2,GF,yes,manure,422362535.8,2-GF
F08,13P_2,13,2,2,185663.4019,16S,2,GF,yes,manure,371326803.8,2-GF
F09,13P_2,13,2,3,203536.8377,16S,2,GF,yes,manure,407073675.4,2-GF
G07,13P_3,13,3,1,208633.9742,16S,2,GF,yes,manure,417267948.4,2-GF
G08,13P_3,13,3,2,210247.3334,16S,2,GF,yes,manure,420494666.8,2-GF
G09,13P_3,13,3,3,208687.2209,16S,2,GF,yes,manure,417374441.8,2-GF
H07,14P_1,14,1,1,24707.80855,16S,1,WF,yes,manure,49415617.1,1-WF
H08,14P_1,14,1,2,23799.87993,16S,1,WF,yes,manure,47599759.86,1-WF
H09,14P_1,14,1,3,24226.90815,16S,1,WF,yes,manure,48453816.3,1-WF
A10,14P_2,14,2,1,13121.90383,16S,1,WF,yes,manure,26243807.66,1-WF
A11,14P_2,14,2,2,13320.95389,16S,1,WF,yes,manure,26641907.78,1-WF
A12,14P_2,14,2,3,12459.67566,16S,1,WF,yes,manure,24919351.32,1-WF
B10,14P_3,14,3,1,9693.119688,16S,1,WF,yes,manure,19386239.38,1-WF
B11,14P_3,14,3,2,9479.869408,16S,1,WF,yes,manure,18959738.82,1-WF
B12,14P_3,14,3,3,8967.060429,16S,1,WF,yes,manure,17934120.86,1-WF
C10,15P_1,15,1,1,6671.9735,16S,1,WF,yes,manure,13343947,1-WF
C11,15P_1,15,1,2,6592.824658,16S,1,WF,yes,manure,13185649.32,1-WF
C12,15P_1,15,1,3,6168.051192,16S,1,WF,yes,manure,12336102.38,1-WF
D10,15P_2,15,2,1,5714.869944,16S,1,WF,yes,manure,11429739.89,1-WF
D11,15P_2,15,2,2,5790.849427,16S,1,WF,yes,manure,11581698.85,1-WF
D12,15P_2,15,2,3,5584.247018,16S,1,WF,yes,manure,11168494.04,1-WF
E10,15P_3,15,3,1,7200.097569,16S,1,WF,yes,manure,14400195.14,1-WF
E11,15P_3,15,3,2,6795.028418,16S,1,WF,yes,manure,13590056.84,1-WF
E12,15P_3,15,3,3,6734.253057,16S,1,WF,yes,manure,13468506.11,1-WF
F10,16P_1,16,1,1,6923.558384,16S,2,GF,yes,manure,13847116.77,2-GF
F11,16P_1,16,1,2,6964.386497,16S,2,GF,yes,manure,13928772.99,2-GF
F12,16P_1,16,1,3,6784.000597,16S,2,GF,yes,manure,13568001.19,2-GF
G10,16P_2,16,2,1,14753.88289,16S,2,GF,yes,manure,29507765.78,2-GF
G11,16P_2,16,2,2,14452.11765,16S,2,GF,yes,manure,28904235.3,2-GF
G12,16P_2,16,2,3,14258.58602,16S,2,GF,yes,manure,28517172.04,2-GF
H10,16P_3,16,3,1,11085.18187,16S,2,GF,yes,manure,22170363.74,2-GF
H11,16P_3,16,3,2,11528.81076,16S,2,GF,yes,manure,23057621.52,2-GF
H12,16P_3,16,3,3,10765.28308,16S,2,GF,yes,manure,21530566.16,2-GF
A04,17P_1,17,1,1,4585.481118,16S,1,GF,yes,manure,9170962.236,1-GF
A05,17P_1,17,1,2,4497.934934,16S,1,GF,yes,manure,8995869.868,1-GF
A06,17P_1,17,1,3,4663.561929,16S,1,GF,yes,manure,9327123.858,1-GF
B04,17P_2,17,2,1,7598.307662,16S,1,GF,yes,manure,15196615.32,1-GF
B05,17P_2,17,2,2,7888.133542,16S,1,GF,yes,manure,15776267.08,1-GF
B06,17P_2,17,2,3,7849.234279,16S,1,GF,yes,manure,15698468.56,1-GF
C04,17P_3,17,3,1,8792.79449,16S,1,GF,yes,manure,17585588.98,1-GF
C05,17P_3,17,3,2,9085.822549,16S,1,GF,yes,manure,18171645.1,1-GF
C06,17P_3,17,3,3,8910.007163,16S,1,GF,yes,manure,17820014.33,1-GF
D04,18P_1,18,1,1,30527.28644,16S,2,GF,yes,manure,61054572.88,2-GF
D05,18P_1,18,1,2,31277.78395,16S,2,GF,yes,manure,62555567.9,2-GF
D06,18P_1,18,1,3,31184.61413,16S,2,GF,yes,manure,62369228.26,2-GF
E04,18P_2,18,2,1,81129.99038,16S,2,GF,yes,manure,162259980.8,2-GF
E05,18P_2,18,2,2,80802.65003,16S,2,GF,yes,manure,161605300.1,2-GF
E06,18P_2,18,2,3,76697.79992,16S,2,GF,yes,manure,153395599.8,2-GF
F04,18P_3,18,3,1,74616.40116,16S,2,GF,yes,manure,149232802.3,2-GF
F05,18P_3,18,3,2,78331.70715,16S,2,GF,yes,manure,156663414.3,2-GF
F06,18P_3,18,3,3,78434.51424,16S,2,GF,yes,manure,156869028.5,2-GF
G04,19P_1,19,1,1,147613.7488,16S,2,WF,yes,manure,295227497.6,2-WF
G05,19P_1,19,1,2,156465.2309,16S,2,WF,yes,manure,312930461.8,2-WF
G06,19P_1,19,1,3,156495.6041,16S,2,WF,yes,manure,312991208.2,2-WF
H04,19P_2,19,2,1,104878.1324,16S,2,WF,yes,manure,209756264.8,2-WF
H05,19P_2,19,2,2,108048.0348,16S,2,WF,yes,manure,216096069.6,2-WF
H06,19P_2,19,2,3,103854.7832,16S,2,WF,yes,manure,207709566.4,2-WF
A07,19P_3,19,3,1,67253.23368,16S,2,WF,yes,manure,134506467.4,2-WF
A08,19P_3,19,3,2,65422.26121,16S,2,WF,yes,manure,130844522.4,2-WF
A09,19P_3,19,3,3,65430.92514,16S,2,WF,yes,manure,130861850.3,2-WF
A04,1P_1,1,1,1,8530.955442,16S,1,WF,yes,manure,17061910.88,1-WF
A05,1P_1,1,1,2,7977.029397,16S,1,WF,yes,manure,15954058.79,1-WF
A06,1P_1,1,1,3,8451.752348,16S,1,WF,yes,manure,16903504.7,1-WF
B04,1P_2,1,2,1,7840.784218,16S,1,WF,yes,manure,15681568.44,1-WF
B05,1P_2,1,2,2,8582.248363,16S,1,WF,yes,manure,17164496.73,1-WF
B06,1P_2,1,2,3,8071.094921,16S,1,WF,yes,manure,16142189.84,1-WF
C04,1P_3,1,3,1,7132.101788,16S,1,WF,yes,manure,14264203.58,1-WF
C05,1P_3,1,3,2,7193.491869,16S,1,WF,yes,manure,14386983.74,1-WF
C06,1P_3,1,3,3,6836.353859,16S,1,WF,yes,manure,13672707.72,1-WF
B07,20P_1,20,1,1,1680.699225,16S,2,WF,no,manure,3361398.45,2-WF
B08,20P_1,20,1,2,1705.770718,16S,2,WF,no,manure,3411541.436,2-WF
B09,20P_1,20,1,3,1704.535411,16S,2,WF,no,manure,3409070.822,2-WF
C07,20P_2,20,2,1,1649.843732,16S,2,WF,no,manure,3299687.464,2-WF
C08,20P_2,20,2,2,1675.103404,16S,2,WF,no,manure,3350206.808,2-WF
C09,20P_2,20,2,3,1590.277015,16S,2,WF,no,manure,3180554.03,2-WF
D07,20P_3,20,3,1,1421.224406,16S,2,WF,no,manure,2842448.812,2-WF
D08,20P_3,20,3,2,1397.889701,16S,2,WF,no,manure,2795779.402,2-WF
D09,20P_3,20,3,3,1343.065681,16S,2,WF,no,manure,2686131.362,2-WF
E07,21P_1,21,1,1,1070.675335,16S,2,WF,yes,manure,2141350.67,2-WF
E08,21P_1,21,1,2,1031.445209,16S,2,WF,yes,manure,2062890.418,2-WF
E09,21P_1,21,1,3,1062.610646,16S,2,WF,yes,manure,2125221.292,2-WF
F07,21P_2,21,2,1,1468.793141,16S,2,WF,yes,manure,2937586.282,2-WF
F08,21P_2,21,2,2,1462.464205,16S,2,WF,yes,manure,2924928.41,2-WF
F09,21P_2,21,2,3,1548.839911,16S,2,WF,yes,manure,3097679.822,2-WF
G07,21P_3,21,3,1,1398.234807,16S,2,WF,yes,manure,2796469.614,2-WF
G08,21P_3,21,3,2,1388.000111,16S,2,WF,yes,manure,2776000.222,2-WF
G09,21P_3,21,3,3,1226.365101,16S,2,WF,yes,manure,2452730.202,2-WF
H07,22P_1,22,1,1,6067.556066,16S,1,GF,yes,manure,12135112.13,1-GF
H08,22P_1,22,1,2,5647.555646,16S,1,GF,yes,manure,11295111.29,1-GF
H09,22P_1,22,1,3,5578.667738,16S,1,GF,yes,manure,11157335.48,1-GF
A10,22P_2,22,2,1,8578.787295,16S,1,GF,yes,manure,17157574.59,1-GF
A11,22P_2,22,2,2,5452.267608,16S,1,GF,yes,manure,10904535.22,1-GF
A12,22P_2,22,2,3,8018.811801,16S,1,GF,yes,manure,16037623.6,1-GF
B10,22P_3,22,3,1,10773.74106,16S,1,GF,yes,manure,21547482.12,1-GF
B11,22P_3,22,3,2,10846.43708,16S,1,GF,yes,manure,21692874.16,1-GF
B12,22P_3,22,3,3,9856.007038,16S,1,GF,yes,manure,19712014.08,1-GF
C10,23P_1,23,1,1,9279.592052,16S,1,WF,yes,manure,18559184.1,1-WF
C11,23P_1,23,1,2,9126.65311,16S,1,WF,yes,manure,18253306.22,1-WF
C12,23P_1,23,1,3,8421.677999,16S,1,WF,yes,manure,16843356,1-WF
D10,23P_2,23,2,1,9211.539615,16S,1,WF,yes,manure,18423079.23,1-WF
D11,23P_2,23,2,2,9737.283103,16S,1,WF,yes,manure,19474566.21,1-WF
D12,23P_2,23,2,3,9220.32514,16S,1,WF,yes,manure,18440650.28,1-WF
E10,23P_3,23,3,1,11765.2008,16S,1,WF,yes,manure,23530401.6,1-WF
E11,23P_3,23,3,2,11571.82336,16S,1,WF,yes,manure,23143646.72,1-WF
E12,23P_3,23,3,3,10556.61712,16S,1,WF,yes,manure,21113234.24,1-WF
F10,24P_1,24,1,1,8100.574581,16S,1,WF,yes,manure,16201149.16,1-WF
F11,24P_1,24,1,2,8237.23078,16S,1,WF,yes,manure,16474461.56,1-WF
F12,24P_1,24,1,3,7906.685691,16S,1,WF,yes,manure,15813371.38,1-WF
G10,24P_2,24,2,1,12704.85118,16S,1,WF,yes,manure,25409702.36,1-WF
G11,24P_2,24,2,2,12950.56467,16S,1,WF,yes,manure,25901129.34,1-WF
G12,24P_2,24,2,3,11772.95713,16S,1,WF,yes,manure,23545914.26,1-WF
H10,24P_3,24,3,1,10848.23966,16S,1,WF,yes,manure,21696479.32,1-WF
H11,24P_3,24,3,2,11990.6423,16S,1,WF,yes,manure,23981284.6,1-WF
H12,24P_3,24,3,3,10872.88348,16S,1,WF,yes,manure,21745766.96,1-WF
A04,25P_1,25,1,1,63.43560327,16S,2,WF,yes,manure,126871.2065,2-WF
A05,25P_1,25,1,2,66.76983111,16S,2,WF,yes,manure,133539.6622,2-WF
A06,25P_1,25,1,3,57.24527506,16S,2,WF,yes,manure,114490.5501,2-WF
B04,25P_2,25,2,1,7991.264419,16S,2,WF,yes,manure,15982528.84,2-WF
B05,25P_2,25,2,2,8024.936307,16S,2,WF,yes,manure,16049872.61,2-WF
B06,25P_2,25,2,3,8523.263782,16S,2,WF,yes,manure,17046527.56,2-WF
C04,25P_3,25,3,1,8858.813535,16S,2,WF,yes,manure,17717627.07,2-WF
C05,25P_3,25,3,2,8454.394491,16S,2,WF,yes,manure,16908788.98,2-WF
C06,25P_3,25,3,3,8649.674798,16S,2,WF,yes,manure,17299349.6,2-WF
D04,26P_1,26,1,1,1470.841619,16S,2,WF,yes,manure,2941683.238,2-WF
D05,26P_1,26,1,2,1698.993041,16S,2,WF,yes,manure,3397986.082,2-WF
D06,26P_1,26,1,3,1596.959245,16S,2,WF,yes,manure,3193918.49,2-WF
E04,26P_2,26,2,1,1800.438258,16S,2,WF,yes,manure,3600876.516,2-WF
E05,26P_2,26,2,2,1751.666141,16S,2,WF,yes,manure,3503332.282,2-WF
E06,26P_2,26,2,3,1620.500739,16S,2,WF,yes,manure,3241001.478,2-WF
F04,26P_3,26,3,1,1703.957057,16S,2,WF,yes,manure,3407914.114,2-WF
F05,26P_3,26,3,2,1654.778922,16S,2,WF,yes,manure,3309557.844,2-WF
F06,26P_3,26,3,3,1722.742322,16S,2,WF,yes,manure,3445484.644,2-WF
G04,27P_1,27,1,1,5444.694553,16S,2,GF,yes,manure,10889389.11,2-GF
G05,27P_1,27,1,2,4974.137646,16S,2,GF,yes,manure,9948275.292,2-GF
G06,27P_1,27,1,3,5358.206344,16S,2,GF,yes,manure,10716412.69,2-GF
H04,27P_2,27,2,1,8207.18278,16S,2,GF,yes,manure,16414365.56,2-GF
H05,27P_2,27,2,2,8097.873614,16S,2,GF,yes,manure,16195747.23,2-GF
H06,27P_2,27,2,3,8534.985999,16S,2,GF,yes,manure,17069972,2-GF
A07,27P_3,27,3,1,229.544769,16S,2,GF,yes,manure,459089.538,2-GF
A08,27P_3,27,3,2,209.5877087,16S,2,GF,yes,manure,419175.4174,2-GF
A09,27P_3,27,3,3,184.7352899,16S,2,GF,yes,manure,369470.5798,2-GF
B07,28P_1,28,1,1,2175.210335,16S,2,GF,yes,manure,4350420.67,2-GF
B08,28P_1,28,1,2,2108.960814,16S,2,GF,yes,manure,4217921.628,2-GF
B09,28P_1,28,1,3,2132.67764,16S,2,GF,yes,manure,4265355.28,2-GF
C07,28P_2,28,2,1,2017.896145,16S,2,GF,yes,manure,4035792.29,2-GF
C08,28P_2,28,2,2,2213.90016,16S,2,GF,yes,manure,4427800.32,2-GF
C09,28P_2,28,2,3,2036.257718,16S,2,GF,yes,manure,4072515.436,2-GF
D07,28P_3,28,3,1,1803.242324,16S,2,GF,yes,manure,3606484.648,2-GF
D08,28P_3,28,3,2,1788.312337,16S,2,GF,yes,manure,3576624.674,2-GF
D09,28P_3,28,3,3,1908.966383,16S,2,GF,yes,manure,3817932.766,2-GF
E07,29P_1,29,1,1,857.0358177,16S,1,GF,yes,manure,1714071.635,1-GF
E08,29P_1,29,1,2,909.9415457,16S,1,GF,yes,manure,1819883.091,1-GF
E09,29P_1,29,1,3,850.815793,16S,1,GF,yes,manure,1701631.586,1-GF
F07,29P_2,29,2,1,1169.922049,16S,1,GF,yes,manure,2339844.098,1-GF
F08,29P_2,29,2,2,1058.339565,16S,1,GF,yes,manure,2116679.13,1-GF
F09,29P_2,29,2,3,913.1919324,16S,1,GF,yes,manure,1826383.865,1-GF
G07,29P_3,29,3,1,988.0546463,16S,1,GF,yes,manure,1976109.293,1-GF
G08,29P_3,29,3,2,930.0677879,16S,1,GF,yes,manure,1860135.576,1-GF
G09,29P_3,29,3,3,974.6507864,16S,1,GF,yes,manure,1949301.573,1-GF
D04,2P_1,2,1,1,12693.63468,16S,1,Gilt,yes,manure,25387269.36,1-Gilt
D05,2P_1,2,1,2,12954.21887,16S,1,Gilt,yes,manure,25908437.74,1-Gilt
D06,2P_1,2,1,3,12990.12225,16S,1,Gilt,yes,manure,25980244.5,1-Gilt
E04,2P_2,2,2,1,22543.78324,16S,1,Gilt,yes,manure,45087566.48,1-Gilt
E05,2P_2,2,2,2,22003.03138,16S,1,Gilt,yes,manure,44006062.76,1-Gilt
E06,2P_2,2,2,3,21262.25529,16S,1,Gilt,yes,manure,42524510.58,1-Gilt
F04,2P_3,2,3,1,26345.77766,16S,1,Gilt,yes,manure,52691555.32,1-Gilt
F05,2P_3,2,3,2,26367.33931,16S,1,Gilt,yes,manure,52734678.62,1-Gilt
F06,2P_3,2,3,3,26346.61559,16S,1,Gilt,yes,manure,52693231.18,1-Gilt
H07,30P_1,30,1,1,3373.412498,16S,2,WF,yes,manure,6746824.996,2-WF
H08,30P_1,30,1,2,3538.296462,16S,2,WF,yes,manure,7076592.924,2-WF
H09,30P_1,30,1,3,3470.974773,16S,2,WF,yes,manure,6941949.546,2-WF
A10,30P_2,30,2,1,2935.488596,16S,2,WF,yes,manure,5870977.192,2-WF
A11,30P_2,30,2,2,3046.890844,16S,2,WF,yes,manure,6093781.688,2-WF
A12,30P_2,30,2,3,2924.382551,16S,2,WF,yes,manure,5848765.102,2-WF
B10,30P_3,30,3,1,2934.987064,16S,2,WF,yes,manure,5869974.128,2-WF
B11,30P_3,30,3,2,3039.289242,16S,2,WF,yes,manure,6078578.484,2-WF
B12,30P_3,30,3,3,2957.512108,16S,2,WF,yes,manure,5915024.216,2-WF
C10,31P_1,31,1,1,746.6769275,16S,2,WF,yes,manure,1493353.855,2-WF
C11,31P_1,31,1,2,780.1511808,16S,2,WF,yes,manure,1560302.362,2-WF
C12,31P_1,31,1,3,799.5387029,16S,2,WF,yes,manure,1599077.406,2-WF
D10,31P_2,31,2,1,867.7094536,16S,2,WF,yes,manure,1735418.907,2-WF
D11,31P_2,31,2,2,850.9800039,16S,2,WF,yes,manure,1701960.008,2-WF
D12,31P_2,31,2,3,826.0658873,16S,2,WF,yes,manure,1652131.775,2-WF
E10,31P_3,31,3,1,833.002844,16S,2,WF,yes,manure,1666005.688,2-WF
E11,31P_3,31,3,2,978.6132677,16S,2,WF,yes,manure,1957226.535,2-WF
E12,31P_3,31,3,3,983.938449,16S,2,WF,yes,manure,1967876.898,2-WF
F10,32P_1,32,1,1,1550.604385,16S,1,WF,yes,manure,3101208.77,1-WF
F11,32P_1,32,1,2,1731.017563,16S,1,WF,yes,manure,3462035.126,1-WF
F12,32P_1,32,1,3,1736.239891,16S,1,WF,yes,manure,3472479.782,1-WF
G10,32P_2,32,2,1,1436.957573,16S,1,WF,yes,manure,2873915.146,1-WF
G11,32P_2,32,2,2,1621.531398,16S,1,WF,yes,manure,3243062.796,1-WF
G12,32P_2,32,2,3,1279.569331,16S,1,WF,yes,manure,2559138.662,1-WF
H10,32P_3,32,3,1,1794.509594,16S,1,WF,yes,manure,3589019.188,1-WF
H11,32P_3,32,3,2,1798.970249,16S,1,WF,yes,manure,3597940.498,1-WF
H12,32P_3,32,3,3,1724.766387,16S,1,WF,yes,manure,3449532.774,1-WF
A04,33P_1,33,1,1,4277.336395,16S,1,WF,yes,manure,8554672.79,1-WF
A05,33P_1,33,1,2,4319.585516,16S,1,WF,yes,manure,8639171.032,1-WF
A06,33P_1,33,1,3,4236.38151,16S,1,WF,yes,manure,8472763.02,1-WF
B04,33P_2,33,2,1,4228.405971,16S,1,WF,yes,manure,8456811.942,1-WF
B05,33P_2,33,2,2,4404.696608,16S,1,WF,yes,manure,8809393.216,1-WF
B06,33P_2,33,2,3,4258.478643,16S,1,WF,yes,manure,8516957.286,1-WF
C04,33P_3,33,3,1,4957.682435,16S,1,WF,yes,manure,9915364.87,1-WF
C05,33P_3,33,3,2,5008.711017,16S,1,WF,yes,manure,10017422.03,1-WF
C06,33P_3,33,3,3,4711.569501,16S,1,WF,yes,manure,9423139.002,1-WF
D04,34P_1,34,1,1,2118.996079,16S,2,WF,yes,manure,4237992.158,2-WF
D05,34P_1,34,1,2,2134.133022,16S,2,WF,yes,manure,4268266.044,2-WF
D06,34P_1,34,1,3,1991.900243,16S,2,WF,yes,manure,3983800.486,2-WF
E04,34P_2,34,2,1,1995.168052,16S,2,WF,yes,manure,3990336.104,2-WF
E05,34P_2,34,2,2,2100.128023,16S,2,WF,yes,manure,4200256.046,2-WF
E06,34P_2,34,2,3,1929.124352,16S,2,WF,yes,manure,3858248.704,2-WF
F04,34P_3,34,3,1,2228.54585,16S,2,WF,yes,manure,4457091.7,2-WF
F05,34P_3,34,3,2,2207.118648,16S,2,WF,yes,manure,4414237.296,2-WF
F06,34P_3,34,3,3,2195.610259,16S,2,WF,yes,manure,4391220.518,2-WF
G04,35P_1,35,1,1,3690.448877,16S,1,WF,yes,manure,7380897.754,1-WF
G05,35P_1,35,1,2,3561.159485,16S,1,WF,yes,manure,7122318.97,1-WF
G06,35P_1,35,1,3,3759.291445,16S,1,WF,yes,manure,7518582.89,1-WF
H04,35P_2,35,2,1,2912.616982,16S,1,WF,yes,manure,5825233.964,1-WF
H05,35P_2,35,2,2,2956.050477,16S,1,WF,yes,manure,5912100.954,1-WF
H06,35P_2,35,2,3,2873.817335,16S,1,WF,yes,manure,5747634.67,1-WF
A07,35P_3,35,3,1,2659.872286,16S,1,WF,yes,manure,5319744.572,1-WF
A08,35P_3,35,3,2,2494.892499,16S,1,WF,yes,manure,4989784.998,1-WF
A09,35P_3,35,3,3,2562.622573,16S,1,WF,yes,manure,5125245.146,1-WF
B07,36P_1,36,1,1,4075.654669,16S,2,WF,yes,manure,8151309.338,2-WF
B08,36P_1,36,1,2,4076.537089,16S,2,WF,yes,manure,8153074.178,2-WF
B09,36P_1,36,1,3,4001.726766,16S,2,WF,yes,manure,8003453.532,2-WF
C07,36P_2,36,2,1,5378.995231,16S,2,WF,yes,manure,10757990.46,2-WF
C08,36P_2,36,2,2,5178.137084,16S,2,WF,yes,manure,10356274.17,2-WF
C09,36P_2,36,2,3,5296.91531,16S,2,WF,yes,manure,10593830.62,2-WF
D07,36P_3,36,3,1,8360.030216,16S,2,WF,yes,manure,16720060.43,2-WF
D08,36P_3,36,3,2,8591.426141,16S,2,WF,yes,manure,17182852.28,2-WF
D09,36P_3,36,3,3,8299.277012,16S,2,WF,yes,manure,16598554.02,2-WF
E07,37P_1,37,1,1,1110.99796,16S,2,WF,yes,manure,2221995.92,2-WF
E08,37P_1,37,1,2,1006.292771,16S,2,WF,yes,manure,2012585.542,2-WF
E09,37P_1,37,1,3,1033.808223,16S,2,WF,yes,manure,2067616.446,2-WF
F07,37P_2,37,2,1,1191.391823,16S,2,WF,yes,manure,2382783.646,2-WF
F08,37P_2,37,2,2,1073.363185,16S,2,WF,yes,manure,2146726.37,2-WF
F09,37P_2,37,2,3,1033.334818,16S,2,WF,yes,manure,2066669.636,2-WF
G07,37P_3,37,3,1,8308.96773,16S,2,WF,yes,manure,16617935.46,2-WF
G08,37P_3,37,3,2,725.2018529,16S,2,WF,yes,manure,1450403.706,2-WF
G09,37P_3,37,3,3,783.8489173,16S,2,WF,yes,manure,1567697.835,2-WF
H07,38P_1,38,1,1,18662.30848,16S,2,WF,no,manure,37324616.96,2-WF
H08,38P_1,38,1,2,16415.12854,16S,2,WF,no,manure,32830257.08,2-WF
H09,38P_1,38,1,3,16487.06112,16S,2,WF,no,manure,32974122.24,2-WF
A10,38P_2,38,2,1,15146.34655,16S,2,WF,no,manure,30292693.1,2-WF
A11,38P_2,38,2,2,14267.39442,16S,2,WF,no,manure,28534788.84,2-WF
A12,38P_2,38,2,3,14468.12646,16S,2,WF,no,manure,28936252.92,2-WF
B10,38P_3,38,3,1,20460.321,16S,2,WF,no,manure,40920642,2-WF
B11,38P_3,38,3,2,22036.52629,16S,2,WF,no,manure,44073052.58,2-WF
B12,38P_3,38,3,3,19104.77597,16S,2,WF,no,manure,38209551.94,2-WF
C10,39P_1,39,1,1,8057.476819,16S,1,GF,yes,manure,16114953.64,1-GF
C11,39P_1,39,1,2,7351.892406,16S,1,GF,yes,manure,14703784.81,1-GF
C12,39P_1,39,1,3,7061.069039,16S,1,GF,yes,manure,14122138.08,1-GF
D10,39P_2,39,2,1,12150.22963,16S,1,GF,yes,manure,24300459.26,1-GF
D11,39P_2,39,2,2,11941.87483,16S,1,GF,yes,manure,23883749.66,1-GF
D12,39P_2,39,2,3,10481.48473,16S,1,GF,yes,manure,20962969.46,1-GF
E10,39P_3,39,3,1,10511.02582,16S,1,GF,yes,manure,21022051.64,1-GF
E11,39P_3,39,3,2,11151.24653,16S,1,GF,yes,manure,22302493.06,1-GF
E12,39P_3,39,3,3,11316.77879,16S,1,GF,yes,manure,22633557.58,1-GF
G04,3P_1,3,1,1,1317.47931,16S,2,WF,yes,manure,2634958.62,2-WF
G05,3P_1,3,1,2,1360.06311,16S,2,WF,yes,manure,2720126.22,2-WF
G06,3P_1,3,1,3,1298.305146,16S,2,WF,yes,manure,2596610.292,2-WF
H04,3P_2,3,2,1,1514.554391,16S,2,WF,yes,manure,3029108.782,2-WF
H05,3P_2,3,2,2,1498.378928,16S,2,WF,yes,manure,2996757.856,2-WF
H06,3P_2,3,2,3,1499.513122,16S,2,WF,yes,manure,2999026.244,2-WF
A07,3P_3,3,3,1,1307.509721,16S,2,WF,yes,manure,2615019.442,2-WF
A08,3P_3,3,3,2,1336.993114,16S,2,WF,yes,manure,2673986.228,2-WF
A09,3P_3,3,3,3,1398.826111,16S,2,WF,yes,manure,2797652.222,2-WF
F10,40P_1,40,1,1,2425.472003,16S,1,WF,yes,manure,4850944.006,1-WF
F11,40P_1,40,1,2,2265.768403,16S,1,WF,yes,manure,4531536.806,1-WF
F12,40P_1,40,1,3,2318.537456,16S,1,WF,yes,manure,4637074.912,1-WF
G10,40P_2,40,2,1,3310.278453,16S,1,WF,yes,manure,6620556.906,1-WF
G11,40P_2,40,2,2,3196.396202,16S,1,WF,yes,manure,6392792.404,1-WF
G12,40P_2,40,2,3,3404.381825,16S,1,WF,yes,manure,6808763.65,1-WF
H10,40P_3,40,3,1,3463.837868,16S,1,WF,yes,manure,6927675.736,1-WF
H11,40P_3,40,3,2,3569.347476,16S,1,WF,yes,manure,7138694.952,1-WF
H12,40P_3,40,3,3,3327.325404,16S,1,WF,yes,manure,6654650.808,1-WF
A04,41P_1,41,1,1,2417.605481,16S,1,WF,yes,manure,4835210.962,1-WF
A05,41P_1,41,1,2,2345.921049,16S,1,WF,yes,manure,4691842.098,1-WF
A06,41P_1,41,1,3,2486.448848,16S,1,WF,yes,manure,4972897.696,1-WF
B04,41P_2,41,2,1,2815.891912,16S,1,WF,yes,manure,5631783.824,1-WF
B05,41P_2,41,2,2,3195.534643,16S,1,WF,yes,manure,6391069.286,1-WF
B06,41P_2,41,2,3,2891.773303,16S,1,WF,yes,manure,5783546.606,1-WF
C04,41P_3,41,3,1,2353.661198,16S,1,WF,yes,manure,4707322.396,1-WF
C05,41P_3,41,3,2,2248.40349,16S,1,WF,yes,manure,4496806.98,1-WF
C06,41P_3,41,3,3,2205.615072,16S,1,WF,yes,manure,4411230.144,1-WF
D04,42P_1,42,1,1,7618.993828,16S,1,WF,yes,manure,15237987.66,1-WF
D05,42P_1,42,1,2,7555.926684,16S,1,WF,yes,manure,15111853.37,1-WF
D06,42P_1,42,1,3,7653.795209,16S,1,WF,yes,manure,15307590.42,1-WF
E04,42P_2,42,2,1,7391.594019,16S,1,WF,yes,manure,14783188.04,1-WF
E05,42P_2,42,2,2,7590.71528,16S,1,WF,yes,manure,15181430.56,1-WF
E06,42P_2,42,2,3,7166.875561,16S,1,WF,yes,manure,14333751.12,1-WF
F04,42P_3,42,3,1,9205.707352,16S,1,WF,yes,manure,18411414.7,1-WF
F05,42P_3,42,3,2,9349.376645,16S,1,WF,yes,manure,18698753.29,1-WF
F06,42P_3,42,3,3,9752.976095,16S,1,WF,yes,manure,19505952.19,1-WF
G04,43P_1,43,1,1,14115.83878,16S,2,GF,no,manure,28231677.56,2-GF
G05,43P_1,43,1,2,13847.3665,16S,2,GF,no,manure,27694733,2-GF
G06,43P_1,43,1,3,14328.81066,16S,2,GF,no,manure,28657621.32,2-GF
H04,43P_2,43,2,1,8759.654794,16S,2,GF,no,manure,17519309.59,2-GF
H05,43P_2,43,2,2,8923.543616,16S,2,GF,no,manure,17847087.23,2-GF
H06,43P_2,43,2,3,8944.095843,16S,2,GF,no,manure,17888191.69,2-GF
A07,43P_3,43,3,1,17643.76124,16S,2,GF,no,manure,35287522.48,2-GF
A08,43P_3,43,3,2,17530.97512,16S,2,GF,no,manure,35061950.24,2-GF
A09,43P_3,43,3,3,16781.94357,16S,2,GF,no,manure,33563887.14,2-GF
B07,44P_1,44,1,1,800.9342181,16S,1,GF,yes,manure,1601868.436,1-GF
B08,44P_1,44,1,2,910.4008216,16S,1,GF,yes,manure,1820801.643,1-GF
B09,44P_1,44,1,3,934.7019338,16S,1,GF,yes,manure,1869403.868,1-GF
C07,44P_2,44,2,1,1299.665483,16S,1,GF,yes,manure,2599330.966,1-GF
C08,44P_2,44,2,2,1202.72157,16S,1,GF,yes,manure,2405443.14,1-GF
C09,44P_2,44,2,3,1246.673327,16S,1,GF,yes,manure,2493346.654,1-GF
D07,44P_3,44,3,1,1318.223383,16S,1,GF,yes,manure,2636446.766,1-GF
D08,44P_3,44,3,2,1322.222836,16S,1,GF,yes,manure,2644445.672,1-GF
D09,44P_3,44,3,3,1236.524025,16S,1,GF,yes,manure,2473048.05,1-GF
E07,45P_1,45,1,1,5198.634608,16S,1,WF,yes,manure,10397269.22,1-WF
E08,45P_1,45,1,2,5195.719179,16S,1,WF,yes,manure,10391438.36,1-WF
E09,45P_1,45,1,3,4976.13372,16S,1,WF,yes,manure,9952267.44,1-WF
F07,45P_2,45,2,1,9242.848777,16S,1,WF,yes,manure,18485697.55,1-WF
F08,45P_2,45,2,2,8843.024493,16S,1,WF,yes,manure,17686048.99,1-WF
F09,45P_2,45,2,3,8290.331629,16S,1,WF,yes,manure,16580663.26,1-WF
G07,45P_3,45,3,1,11777.7626,16S,1,WF,yes,manure,23555525.2,1-WF
G08,45P_3,45,3,2,10955.93815,16S,1,WF,yes,manure,21911876.3,1-WF
G09,45P_3,45,3,3,8723.815725,16S,1,WF,yes,manure,17447631.45,1-WF
H07,46P_1,46,1,1,3436.999943,16S,1,WF,yes,manure,6873999.886,1-WF
H08,46P_1,46,1,2,3124.003338,16S,1,WF,yes,manure,6248006.676,1-WF
H09,46P_1,46,1,3,2915.727275,16S,1,WF,yes,manure,5831454.55,1-WF
A10,46P_2,46,2,1,2686.204272,16S,1,WF,yes,manure,5372408.544,1-WF
A11,46P_2,46,2,2,2490.300167,16S,1,WF,yes,manure,4980600.334,1-WF
A12,46P_2,46,2,3,2655.537833,16S,1,WF,yes,manure,5311075.666,1-WF
B10,46P_3,46,3,1,3123.332745,16S,1,WF,yes,manure,6246665.49,1-WF
B11,46P_3,46,3,2,3277.182557,16S,1,WF,yes,manure,6554365.114,1-WF
B12,46P_3,46,3,3,2787.449116,16S,1,WF,yes,manure,5574898.232,1-WF
C10,47P_1,47,1,1,3270.228181,16S,1,WF,yes,manure,6540456.362,1-WF
C11,47P_1,47,1,2,3226.378779,16S,1,WF,yes,manure,6452757.558,1-WF
C12,47P_1,47,1,3,3257.033433,16S,1,WF,yes,manure,6514066.866,1-WF
D10,47P_2,47,2,1,4107.046867,16S,1,WF,yes,manure,8214093.734,1-WF
D11,47P_2,47,2,2,4045.871506,16S,1,WF,yes,manure,8091743.012,1-WF
D12,47P_2,47,2,3,4135.592449,16S,1,WF,yes,manure,8271184.898,1-WF
E10,47P_3,47,3,1,3876.284476,16S,1,WF,yes,manure,7752568.952,1-WF
E11,47P_3,47,3,2,3886.948982,16S,1,WF,yes,manure,7773897.964,1-WF
E12,47P_3,47,3,3,4173.797418,16S,1,WF,yes,manure,8347594.836,1-WF
F10,48P_1,48,1,1,30699.59288,16S,2,WF,yes,manure,61399185.76,2-WF
F11,48P_1,48,1,2,30059.6308,16S,2,WF,yes,manure,60119261.6,2-WF
F12,48P_1,48,1,3,31167.40325,16S,2,WF,yes,manure,62334806.5,2-WF
G10,48P_2,48,2,1,19175.79331,16S,2,WF,yes,manure,38351586.62,2-WF
G11,48P_2,48,2,2,18080.9374,16S,2,WF,yes,manure,36161874.8,2-WF
G12,48P_2,48,2,3,17244.03172,16S,2,WF,yes,manure,34488063.44,2-WF
H10,48P_3,48,3,1,13842.76319,16S,2,WF,yes,manure,27685526.38,2-WF
H11,48P_3,48,3,2,13999.47494,16S,2,WF,yes,manure,27998949.88,2-WF
H12,48P_3,48,3,3,12711.30339,16S,2,WF,yes,manure,25422606.78,2-WF
A04,49P_1,49,1,1,5436.83014,16S,2,WF,yes,manure,10873660.28,2-WF
A05,49P_1,49,1,2,5353.000185,16S,2,WF,yes,manure,10706000.37,2-WF
A06,49P_1,49,1,3,4928.113834,16S,2,WF,yes,manure,9856227.668,2-WF
B04,49P_2,49,2,1,7801.05556,16S,2,WF,yes,manure,15602111.12,2-WF
B05,49P_2,49,2,2,7748.87298,16S,2,WF,yes,manure,15497745.96,2-WF
B06,49P_2,49,2,3,7670.123071,16S,2,WF,yes,manure,15340246.14,2-WF
C04,49P_3,49,3,1,6978.234024,16S,2,WF,yes,manure,13956468.05,2-WF
C05,49P_3,49,3,2,6897.509784,16S,2,WF,yes,manure,13795019.57,2-WF
C06,49P_3,49,3,3,6732.777132,16S,2,WF,yes,manure,13465554.26,2-WF
B07,4P_1,4,1,1,446417.4461,16S,2,WF,yes,manure,892834892.2,2-WF
B08,4P_1,4,1,2,439486.3001,16S,2,WF,yes,manure,878972600.2,2-WF
B09,4P_1,4,1,3,461573.0877,16S,2,WF,yes,manure,923146175.4,2-WF
C07,4P_2,4,2,1,286094.2943,16S,2,WF,yes,manure,572188588.6,2-WF
C08,4P_2,4,2,2,273910.0956,16S,2,WF,yes,manure,547820191.2,2-WF
C09,4P_2,4,2,3,270658.6501,16S,2,WF,yes,manure,541317300.2,2-WF
D07,4P_3,4,3,1,455306.1817,16S,2,WF,yes,manure,910612363.4,2-WF
D08,4P_3,4,3,2,446039.7851,16S,2,WF,yes,manure,892079570.2,2-WF
D09,4P_3,4,3,3,454837.3133,16S,2,WF,yes,manure,909674626.6,2-WF
D04,50P_1,50,1,1,508422.835,16S,2,WF,yes,manure,1016845670,2-WF
D05,50P_1,50,1,2,515912.8144,16S,2,WF,yes,manure,1031825629,2-WF
D06,50P_1,50,1,3,513825.0687,16S,2,WF,yes,manure,1027650137,2-WF
E04,50P_2,50,2,1,473645.1979,16S,2,WF,yes,manure,947290395.8,2-WF
E05,50P_2,50,2,2,464095.3216,16S,2,WF,yes,manure,928190643.2,2-WF
E06,50P_2,50,2,3,452768.019,16S,2,WF,yes,manure,905536038,2-WF
F04,50P_3,50,3,1,454692.1581,16S,2,WF,yes,manure,909384316.2,2-WF
F05,50P_3,50,3,2,408200.0226,16S,2,WF,yes,manure,816400045.2,2-WF
F06,50P_3,50,3,3,467714.7355,16S,2,WF,yes,manure,935429471,2-WF
E07,5P_1,5,1,1,3344.606553,16S,2,WF,yes,manure,6689213.106,2-WF
E08,5P_1,5,1,2,3451.628917,16S,2,WF,yes,manure,6903257.834,2-WF
E09,5P_1,5,1,3,3383.852216,16S,2,WF,yes,manure,6767704.432,2-WF
F07,5P_2,5,2,1,6851.882837,16S,2,WF,yes,manure,13703765.67,2-WF
F08,5P_2,5,2,2,6460.878809,16S,2,WF,yes,manure,12921757.62,2-WF
F09,5P_2,5,2,3,6549.562764,16S,2,WF,yes,manure,13099125.53,2-WF
G07,5P_3,5,3,1,7965.010012,16S,2,WF,yes,manure,15930020.02,2-WF
G08,5P_3,5,3,2,7815.457708,16S,2,WF,yes,manure,15630915.42,2-WF
G09,5P_3,5,3,3,8015.490688,16S,2,WF,yes,manure,16030981.38,2-WF
H07,6P_1,6,1,1,4735.097656,16S,1,WF,yes,manure,9470195.312,1-WF
H08,6P_1,6,1,2,4303.981611,16S,1,WF,yes,manure,8607963.222,1-WF
H09,6P_1,6,1,3,4335.184229,16S,1,WF,yes,manure,8670368.458,1-WF
A10,6P_2,6,2,1,4401.921869,16S,1,WF,yes,manure,8803843.738,1-WF
A11,6P_2,6,2,2,4461.782448,16S,1,WF,yes,manure,8923564.896,1-WF
A12,6P_2,6,2,3,4383.452261,16S,1,WF,yes,manure,8766904.522,1-WF
B10,6P_3,6,3,1,4122.496715,16S,1,WF,yes,manure,8244993.43,1-WF
B11,6P_3,6,3,2,3948.489604,16S,1,WF,yes,manure,7896979.208,1-WF
B12,6P_3,6,3,3,3755.954774,16S,1,WF,yes,manure,7511909.548,1-WF
C10,7P_1,7,1,1,3674.407855,16S,1,GF,yes,manure,7348815.71,1-GF
C11,7P_1,7,1,2,3517.011691,16S,1,GF,yes,manure,7034023.382,1-GF
C12,7P_1,7,1,3,3227.696201,16S,1,GF,yes,manure,6455392.402,1-GF
D10,7P_2,7,2,1,6264.620383,16S,1,GF,yes,manure,12529240.77,1-GF
D11,7P_2,7,2,2,6534.35364,16S,1,GF,yes,manure,13068707.28,1-GF
D12,7P_2,7,2,3,5283.69292,16S,1,GF,yes,manure,10567385.84,1-GF
E10,7P_3,7,3,1,10105.22286,16S,1,GF,yes,manure,20210445.72,1-GF
E11,7P_3,7,3,2,9603.053002,16S,1,GF,yes,manure,19206106,1-GF
E12,7P_3,7,3,3,9352.801263,16S,1,GF,yes,manure,18705602.53,1-GF
F10,8P_1,8,1,1,6759.707694,16S,2,GF,yes,manure,13519415.39,2-GF
F11,8P_1,8,1,2,6879.620788,16S,2,GF,yes,manure,13759241.58,2-GF
F12,8P_1,8,1,3,6594.031871,16S,2,GF,yes,manure,13188063.74,2-GF
G10,8P_2,8,2,1,14037.17784,16S,2,GF,yes,manure,28074355.68,2-GF
G11,8P_2,8,2,2,13939.09908,16S,2,GF,yes,manure,27878198.16,2-GF
G12,8P_2,8,2,3,13381.2404,16S,2,GF,yes,manure,26762480.8,2-GF
H10,8P_3,8,3,1,11877.64392,16S,2,GF,yes,manure,23755287.84,2-GF
H11,8P_3,8,3,2,12311.63613,16S,2,GF,yes,manure,24623272.26,2-GF
H12,8P_3,8,3,3,11347.75671,16S,2,GF,yes,manure,22695513.42,2-GF
A04,9P_1,9,1,1,6549.218152,16S,2,Gilt,yes,manure,13098436.3,2-Gilt
A05,9P_1,9,1,2,7353.65531,16S,2,Gilt,yes,manure,14707310.62,2-Gilt
A06,9P_1,9,1,3,7317.995859,16S,2,Gilt,yes,manure,14635991.72,2-Gilt
B04,9P_2,9,2,1,4763.835345,16S,2,Gilt,yes,manure,9527670.69,2-Gilt
B05,9P_2,9,2,2,4830.064015,16S,2,Gilt,yes,manure,9660128.03,2-Gilt
B06,9P_2,9,2,3,4726.085532,16S,2,Gilt,yes,manure,9452171.064,2-Gilt
C04,9P_3,9,3,1,5402.861913,16S,2,Gilt,yes,manure,10805723.83,2-Gilt
C05,9P_3,9,3,2,5517.595004,16S,2,Gilt,yes,manure,11035190.01,2-Gilt
C06,9P_3,9,3,3,5604.549277,16S,2,Gilt,yes,manure,11209098.55,2-Gilt
H07,INHF10_1,INHF10,1,1,26197.37389,16S,Soil,Soil,Soil,soil,52394747.78,Soil
H08,INHF10_1,INHF10,1,2,26300.32566,16S,Soil,Soil,Soil,soil,52600651.32,Soil
H09,INHF10_1,INHF10,1,3,25511.67206,16S,Soil,Soil,Soil,soil,51023344.12,Soil
A10,INHF10_2,INHF10,2,1,21449.72531,16S,Soil,Soil,Soil,soil,42899450.62,Soil
A11,INHF10_2,INHF10,2,2,20713.47462,16S,Soil,Soil,Soil,soil,41426949.24,Soil
A12,INHF10_2,INHF10,2,3,19890.63979,16S,Soil,Soil,Soil,soil,39781279.58,Soil
B10,INHF10_3,INHF10,3,1,13486.85241,16S,Soil,Soil,Soil,soil,26973704.82,Soil
B11,INHF10_3,INHF10,3,2,13542.93488,16S,Soil,Soil,Soil,soil,27085869.76,Soil
B12,INHF10_3,INHF10,3,3,12980.53793,16S,Soil,Soil,Soil,soil,25961075.86,Soil
G04,Manure_1,Manure,1,1,6195.82644,16S,1,WF,yes,control manure,12391652.88,1-WF
G05,Manure_1,Manure,1,2,6619.423503,16S,1,WF,yes,control manure,13238847.01,1-WF
G06,Manure_1,Manure,1,3,6995.935592,16S,1,WF,yes,control manure,13991871.18,1-WF
H04,Manure_2,Manure,2,1,4559.89246,16S,1,WF,yes,control manure,9119784.92,1-WF
H05,Manure_2,Manure,2,2,4772.184386,16S,1,WF,yes,control manure,9544368.772,1-WF
H06,Manure_2,Manure,2,3,5353.196019,16S,1,WF,yes,control manure,10706392.04,1-WF
A07,Manure_3,Manure,3,1,8414.253677,16S,1,WF,yes,control manure,16828507.35,1-WF
A08,Manure_3,Manure,3,2,8133.578572,16S,1,WF,yes,control manure,16267157.14,1-WF
A09,Manure_3,Manure,3,3,8811.160491,16S,1,WF,yes,control manure,17622320.98,1-WF
E07,NEAL10_1,NEAL10,1,1,18598.0308,16S,Soil,Soil,Soil,soil,37196061.6,Soil
E08,NEAL10_1,NEAL10,1,2,18780.73835,16S,Soil,Soil,Soil,soil,37561476.7,Soil
E09,NEAL10_1,NEAL10,1,3,18851.34887,16S,Soil,Soil,Soil,soil,37702697.74,Soil
F07,NEAL10_2,NEAL10,2,1,11777.32046,16S,Soil,Soil,Soil,soil,23554640.92,Soil
F08,NEAL10_2,NEAL10,2,2,11385.10173,16S,Soil,Soil,Soil,soil,22770203.46,Soil
F09,NEAL10_2,NEAL10,2,3,11547.63565,16S,Soil,Soil,Soil,soil,23095271.3,Soil
G07,NEAL10_3,NEAL10,3,1,13361.06934,16S,Soil,Soil,Soil,soil,26722138.68,Soil
G08,NEAL10_3,NEAL10,3,2,13888.16917,16S,Soil,Soil,Soil,soil,27776338.34,Soil
G09,NEAL10_3,NEAL10,3,3,13939.19,16S,Soil,Soil,Soil,soil,27878380,Soil
B07,WOR10_1,WOR10,1,1,8581.825125,16S,Soil,Soil,Soil,soil,17163650.25,Soil
B08,WOR10_1,WOR10,1,2,8246.834538,16S,Soil,Soil,Soil,soil,16493669.08,Soil
B09,WOR10_1,WOR10,1,3,8316.290109,16S,Soil,Soil,Soil,soil,16632580.22,Soil
C07,WOR10_2,WOR10,2,1,11281.36187,16S,Soil,Soil,Soil,soil,22562723.74,Soil
C08,WOR10_2,WOR10,2,2,10841.86246,16S,Soil,Soil,Soil,soil,21683724.92,Soil
C09,WOR10_2,WOR10,2,3,10784.46067,16S,Soil,Soil,Soil,soil,21568921.34,Soil
D07,WOR10_3,WOR10,3,1,17585.22724,16S,Soil,Soil,Soil,soil,35170454.48,Soil
D08,WOR10_3,WOR10,3,2,16049.81889,16S,Soil,Soil,Soil,soil,32099637.78,Soil
D09,WOR10_3,WOR10,3,3,16204.59545,16S,Soil,Soil,Soil,soil,32409190.9,Soil
D04,10P_1,10,1,1,143.3177549,ermB,1,GF,yes,manure,286635.5098,1-GF
D05,10P_1,10,1,2,133.974711,ermB,1,GF,yes,manure,267949.422,1-GF
D06,10P_1,10,1,3,156.848101,ermB,1,GF,yes,manure,313696.202,1-GF
E04,10P_2,10,2,1,146.1454014,ermB,1,GF,yes,manure,292290.8028,1-GF
E05,10P_2,10,2,2,191.6147846,ermB,1,GF,yes,manure,383229.5692,1-GF
E06,10P_2,10,2,3,162.808737,ermB,1,GF,yes,manure,325617.474,1-GF
F04,10P_3,10,3,1,483.5119785,ermB,1,GF,yes,manure,967023.957,1-GF
F05,10P_3,10,3,2,519.6945318,ermB,1,GF,yes,manure,1039389.064,1-GF
F06,10P_3,10,3,3,430.0701047,ermB,1,GF,yes,manure,860140.2094,1-GF
G04,11P_1,11,1,1,282.1126027,ermB,1,WF,yes,manure,564225.2054,1-WF
G05,11P_1,11,1,2,252.2920975,ermB,1,WF,yes,manure,504584.195,1-WF
G06,11P_1,11,1,3,247.4443872,ermB,1,WF,yes,manure,494888.7744,1-WF
H04,11P_2,11,2,1,277.2589816,ermB,1,WF,yes,manure,554517.9632,1-WF
H05,11P_2,11,2,2,381.6236966,ermB,1,WF,yes,manure,763247.3932,1-WF
H06,11P_2,11,2,3,353.8316953,ermB,1,WF,yes,manure,707663.3906,1-WF
A07,11P_3,11,3,1,383.2042414,ermB,1,WF,yes,manure,766408.4828,1-WF
A08,11P_3,11,3,2,332.9089246,ermB,1,WF,yes,manure,665817.8492,1-WF
A09,11P_3,11,3,3,643.6606524,ermB,1,WF,yes,manure,1287321.305,1-WF
B07,12P_1,12,1,1,151.034098,ermB,1,WF,yes,manure,302068.196,1-WF
B08,12P_1,12,1,2,137.7866333,ermB,1,WF,yes,manure,275573.2666,1-WF
B09,12P_1,12,1,3,138.1231609,ermB,1,WF,yes,manure,276246.3218,1-WF
C07,12P_2,12,2,1,246.7343997,ermB,1,WF,yes,manure,493468.7994,1-WF
C08,12P_2,12,2,2,263.0540872,ermB,1,WF,yes,manure,526108.1744,1-WF
C09,12P_2,12,2,3,278.3710659,ermB,1,WF,yes,manure,556742.1318,1-WF
D07,12P_3,12,3,1,190.1156861,ermB,1,WF,yes,manure,380231.3722,1-WF
D08,12P_3,12,3,2,215.3800498,ermB,1,WF,yes,manure,430760.0996,1-WF
D09,12P_3,12,3,3,211.9650596,ermB,1,WF,yes,manure,423930.1192,1-WF
E07,13P_1,13,1,1,8445.716567,ermB,2,GF,yes,manure,16891433.13,2-GF
E08,13P_1,13,1,2,8253.410951,ermB,2,GF,yes,manure,16506821.9,2-GF
E09,13P_1,13,1,3,8128.255183,ermB,2,GF,yes,manure,16256510.37,2-GF
F07,13P_2,13,2,1,9647.599576,ermB,2,GF,yes,manure,19295199.15,2-GF
F08,13P_2,13,2,2,8539.84228,ermB,2,GF,yes,manure,17079684.56,2-GF
F09,13P_2,13,2,3,9042.074357,ermB,2,GF,yes,manure,18084148.71,2-GF
G07,13P_3,13,3,1,10970.43783,ermB,2,GF,yes,manure,21940875.66,2-GF
G08,13P_3,13,3,2,10271.19542,ermB,2,GF,yes,manure,20542390.84,2-GF
G09,13P_3,13,3,3,11068.66112,ermB,2,GF,yes,manure,22137322.24,2-GF
H07,14P_1,14,1,1,623.936083,ermB,1,WF,yes,manure,1247872.166,1-WF
H08,14P_1,14,1,2,627.0448746,ermB,1,WF,yes,manure,1254089.749,1-WF
H09,14P_1,14,1,3,636.3752395,ermB,1,WF,yes,manure,1272750.479,1-WF
A10,14P_2,14,2,1,394.8925643,ermB,1,WF,yes,manure,789785.1286,1-WF
A11,14P_2,14,2,2,418.3490403,ermB,1,WF,yes,manure,836698.0806,1-WF
A12,14P_2,14,2,3,448.5637592,ermB,1,WF,yes,manure,897127.5184,1-WF
B10,14P_3,14,3,1,300.3906874,ermB,1,WF,yes,manure,600781.3748,1-WF
B11,14P_3,14,3,2,245.0313603,ermB,1,WF,yes,manure,490062.7206,1-WF
B12,14P_3,14,3,3,272.6185621,ermB,1,WF,yes,manure,545237.1242,1-WF
C10,15P_1,15,1,1,370.8807074,ermB,1,WF,yes,manure,741761.4148,1-WF
C11,15P_1,15,1,2,456.9054761,ermB,1,WF,yes,manure,913810.9522,1-WF
C12,15P_1,15,1,3,325.6620593,ermB,1,WF,yes,manure,651324.1186,1-WF
D10,15P_2,15,2,1,326.0364357,ermB,1,WF,yes,manure,652072.8714,1-WF
D11,15P_2,15,2,2,325.2532359,ermB,1,WF,yes,manure,650506.4718,1-WF
D12,15P_2,15,2,3,254.2637729,ermB,1,WF,yes,manure,508527.5458,1-WF
E10,15P_3,15,3,1,308.5373726,ermB,1,WF,yes,manure,617074.7452,1-WF
E11,15P_3,15,3,2,411.1037278,ermB,1,WF,yes,manure,822207.4556,1-WF
E12,15P_3,15,3,3,301.990924,ermB,1,WF,yes,manure,603981.848,1-WF
F10,16P_1,16,1,1,2975.654791,ermB,2,GF,yes,manure,5951309.582,2-GF
F11,16P_1,16,1,2,3023.205995,ermB,2,GF,yes,manure,6046411.99,2-GF
F12,16P_1,16,1,3,2835.472996,ermB,2,GF,yes,manure,5670945.992,2-GF
G10,16P_2,16,2,1,5120.282792,ermB,2,GF,yes,manure,10240565.58,2-GF
G11,16P_2,16,2,2,5154.179911,ermB,2,GF,yes,manure,10308359.82,2-GF
G12,16P_2,16,2,3,5244.909388,ermB,2,GF,yes,manure,10489818.78,2-GF
H10,16P_3,16,3,1,4686.817822,ermB,2,GF,yes,manure,9373635.644,2-GF
H11,16P_3,16,3,2,5230.417551,ermB,2,GF,yes,manure,10460835.1,2-GF
H12,16P_3,16,3,3,5239.188536,ermB,2,GF,yes,manure,10478377.07,2-GF
A04,17P_1,17,1,1,222.5977475,ermB,1,GF,yes,manure,445195.495,1-GF
A05,17P_1,17,1,2,201.2345828,ermB,1,GF,yes,manure,402469.1656,1-GF
A06,17P_1,17,1,3,203.0154044,ermB,1,GF,yes,manure,406030.8088,1-GF
B04,17P_2,17,2,1,334.7550053,ermB,1,GF,yes,manure,669510.0106,1-GF
B05,17P_2,17,2,2,332.6060704,ermB,1,GF,yes,manure,665212.1408,1-GF
B06,17P_2,17,2,3,309.5961147,ermB,1,GF,yes,manure,619192.2294,1-GF
C04,17P_3,17,3,1,318.5256043,ermB,1,GF,yes,manure,637051.2086,1-GF
C05,17P_3,17,3,2,396.9162031,ermB,1,GF,yes,manure,793832.4062,1-GF
C06,17P_3,17,3,3,353.8308044,ermB,1,GF,yes,manure,707661.6088,1-GF
D04,18P_1,18,1,1,26085.15331,ermB,2,GF,yes,manure,52170306.62,2-GF
D05,18P_1,18,1,2,26417.1538,ermB,2,GF,yes,manure,52834307.6,2-GF
D06,18P_1,18,1,3,24531.55143,ermB,2,GF,yes,manure,49063102.86,2-GF
E04,18P_2,18,2,1,26415.80884,ermB,2,GF,yes,manure,52831617.68,2-GF
E05,18P_2,18,2,2,25425.28624,ermB,2,GF,yes,manure,50850572.48,2-GF
E06,18P_2,18,2,3,25111.54453,ermB,2,GF,yes,manure,50223089.06,2-GF
F04,18P_3,18,3,1,29128.22885,ermB,2,GF,yes,manure,58256457.7,2-GF
F05,18P_3,18,3,2,28121.6978,ermB,2,GF,yes,manure,56243395.6,2-GF
F06,18P_3,18,3,3,28244.79601,ermB,2,GF,yes,manure,56489592.02,2-GF
G04,19P_1,19,1,1,22268.19229,ermB,2,WF,yes,manure,44536384.58,2-WF
G05,19P_1,19,1,2,21010.99495,ermB,2,WF,yes,manure,42021989.9,2-WF
G06,19P_1,19,1,3,21969.71006,ermB,2,WF,yes,manure,43939420.12,2-WF
H04,19P_2,19,2,1,22225.9619,ermB,2,WF,yes,manure,44451923.8,2-WF
H05,19P_2,19,2,2,19991.12549,ermB,2,WF,yes,manure,39982250.98,2-WF
H06,19P_2,19,2,3,21200.09762,ermB,2,WF,yes,manure,42400195.24,2-WF
A07,19P_3,19,3,1,15782.22318,ermB,2,WF,yes,manure,31564446.36,2-WF
A08,19P_3,19,3,2,15183.02922,ermB,2,WF,yes,manure,30366058.44,2-WF
A09,19P_3,19,3,3,15209.1488,ermB,2,WF,yes,manure,30418297.6,2-WF
A04,1P_1,1,1,1,678.5074455,ermB,1,WF,yes,manure,1357014.891,1-WF
A05,1P_1,1,1,2,663.6058592,ermB,1,WF,yes,manure,1327211.718,1-WF
A06,1P_1,1,1,3,740.1862805,ermB,1,WF,yes,manure,1480372.561,1-WF
B04,1P_2,1,2,1,703.6422671,ermB,1,WF,yes,manure,1407284.534,1-WF
B05,1P_2,1,2,2,740.7795423,ermB,1,WF,yes,manure,1481559.085,1-WF
B06,1P_2,1,2,3,800.8715288,ermB,1,WF,yes,manure,1601743.058,1-WF
C04,1P_3,1,3,1,821.1278805,ermB,1,WF,yes,manure,1642255.761,1-WF
C05,1P_3,1,3,2,597.5419009,ermB,1,WF,yes,manure,1195083.802,1-WF
C06,1P_3,1,3,3,689.4722405,ermB,1,WF,yes,manure,1378944.481,1-WF
B07,20P_1,20,1,1,508.5303672,ermB,2,WF,no,manure,1017060.734,2-WF
B08,20P_1,20,1,2,644.3339528,ermB,2,WF,no,manure,1288667.906,2-WF
B09,20P_1,20,1,3,617.7250995,ermB,2,WF,no,manure,1235450.199,2-WF
C07,20P_2,20,2,1,647.2500569,ermB,2,WF,no,manure,1294500.114,2-WF
C08,20P_2,20,2,2,556.3886949,ermB,2,WF,no,manure,1112777.39,2-WF
C09,20P_2,20,2,3,601.5641754,ermB,2,WF,no,manure,1203128.351,2-WF
D07,20P_3,20,3,1,564.1810482,ermB,2,WF,no,manure,1128362.096,2-WF
D08,20P_3,20,3,2,608.8779167,ermB,2,WF,no,manure,1217755.833,2-WF
D09,20P_3,20,3,3,607.8565316,ermB,2,WF,no,manure,1215713.063,2-WF
E07,21P_1,21,1,1,238.2138113,ermB,2,WF,yes,manure,476427.6226,2-WF
E08,21P_1,21,1,2,174.7281884,ermB,2,WF,yes,manure,349456.3768,2-WF
E09,21P_1,21,1,3,143.0709663,ermB,2,WF,yes,manure,286141.9326,2-WF
F07,21P_2,21,2,1,249.6135958,ermB,2,WF,yes,manure,499227.1916,2-WF
F08,21P_2,21,2,2,187.6122859,ermB,2,WF,yes,manure,375224.5718,2-WF
F09,21P_2,21,2,3,187.4819194,ermB,2,WF,yes,manure,374963.8388,2-WF
G07,21P_3,21,3,1,266.7958923,ermB,2,WF,yes,manure,533591.7846,2-WF
G08,21P_3,21,3,2,116.2216474,ermB,2,WF,yes,manure,232443.2948,2-WF
G09,21P_3,21,3,3,205.426075,ermB,2,WF,yes,manure,410852.15,2-WF
H07,22P_1,22,1,1,1778.429065,ermB,1,GF,yes,manure,3556858.13,1-GF
H08,22P_1,22,1,2,1616.279918,ermB,1,GF,yes,manure,3232559.836,1-GF
H09,22P_1,22,1,3,1736.570365,ermB,1,GF,yes,manure,3473140.73,1-GF
A10,22P_2,22,2,1,2197.460891,ermB,1,GF,yes,manure,4394921.782,1-GF
A11,22P_2,22,2,2,2048.887957,ermB,1,GF,yes,manure,4097775.914,1-GF
A12,22P_2,22,2,3,2124.087999,ermB,1,GF,yes,manure,4248175.998,1-GF
B10,22P_3,22,3,1,2151.493437,ermB,1,GF,yes,manure,4302986.874,1-GF
B11,22P_3,22,3,2,2238.411635,ermB,1,GF,yes,manure,4476823.27,1-GF
B12,22P_3,22,3,3,2058.185485,ermB,1,GF,yes,manure,4116370.97,1-GF
C10,23P_1,23,1,1,429.4622746,ermB,1,WF,yes,manure,858924.5492,1-WF
C11,23P_1,23,1,2,384.5135823,ermB,1,WF,yes,manure,769027.1646,1-WF
C12,23P_1,23,1,3,280.7561737,ermB,1,WF,yes,manure,561512.3474,1-WF
D10,23P_2,23,2,1,453.8969488,ermB,1,WF,yes,manure,907793.8976,1-WF
D11,23P_2,23,2,2,428.7686474,ermB,1,WF,yes,manure,857537.2948,1-WF
D12,23P_2,23,2,3,408.2088045,ermB,1,WF,yes,manure,816417.609,1-WF
E10,23P_3,23,3,1,607.6254084,ermB,1,WF,yes,manure,1215250.817,1-WF
E11,23P_3,23,3,2,319.3614828,ermB,1,WF,yes,manure,638722.9656,1-WF
E12,23P_3,23,3,3,388.6271534,ermB,1,WF,yes,manure,777254.3068,1-WF
F10,24P_1,24,1,1,219.6710136,ermB,1,WF,yes,manure,439342.0272,1-WF
F11,24P_1,24,1,2,359.3892077,ermB,1,WF,yes,manure,718778.4154,1-WF
F12,24P_1,24,1,3,205.3335381,ermB,1,WF,yes,manure,410667.0762,1-WF
G10,24P_2,24,2,1,296.474203,ermB,1,WF,yes,manure,592948.406,1-WF
G11,24P_2,24,2,2,349.1865744,ermB,1,WF,yes,manure,698373.1488,1-WF
G12,24P_2,24,2,3,236.9264835,ermB,1,WF,yes,manure,473852.967,1-WF
H10,24P_3,24,3,1,331.6998273,ermB,1,WF,yes,manure,663399.6546,1-WF
H11,24P_3,24,3,2,320.2057754,ermB,1,WF,yes,manure,640411.5508,1-WF
H12,24P_3,24,3,3,289.5517668,ermB,1,WF,yes,manure,579103.5336,1-WF
B04,25P_2,25,2,1,307.3481597,ermB,2,WF,yes,manure,614696.3194,2-WF
B05,25P_2,25,2,2,214.7916477,ermB,2,WF,yes,manure,429583.2954,2-WF
B06,25P_2,25,2,3,194.6491936,ermB,2,WF,yes,manure,389298.3872,2-WF
C04,25P_3,25,3,1,318.2327706,ermB,2,WF,yes,manure,636465.5412,2-WF
C05,25P_3,25,3,2,179.7425227,ermB,2,WF,yes,manure,359485.0454,2-WF
C06,25P_3,25,3,3,307.9106701,ermB,2,WF,yes,manure,615821.3402,2-WF
D04,26P_1,26,1,1,2228.212307,ermB,2,WF,yes,manure,4456424.614,2-WF
D05,26P_1,26,1,2,2101.297537,ermB,2,WF,yes,manure,4202595.074,2-WF
D06,26P_1,26,1,3,2004.337355,ermB,2,WF,yes,manure,4008674.71,2-WF
E04,26P_2,26,2,1,2309.340577,ermB,2,WF,yes,manure,4618681.154,2-WF
E05,26P_2,26,2,2,2407.445689,ermB,2,WF,yes,manure,4814891.378,2-WF
E06,26P_2,26,2,3,2460.469996,ermB,2,WF,yes,manure,4920939.992,2-WF
F04,26P_3,26,3,1,2091.707432,ermB,2,WF,yes,manure,4183414.864,2-WF
F05,26P_3,26,3,2,2109.300978,ermB,2,WF,yes,manure,4218601.956,2-WF
F06,26P_3,26,3,3,2186.326507,ermB,2,WF,yes,manure,4372653.014,2-WF
G04,27P_1,27,1,1,453.6234329,ermB,2,GF,yes,manure,907246.8658,2-GF
G05,27P_1,27,1,2,726.2879227,ermB,2,GF,yes,manure,1452575.845,2-GF
G06,27P_1,27,1,3,696.1699117,ermB,2,GF,yes,manure,1392339.823,2-GF
H04,27P_2,27,2,1,473.7391888,ermB,2,GF,yes,manure,947478.3776,2-GF
H05,27P_2,27,2,2,618.2374832,ermB,2,GF,yes,manure,1236474.966,2-GF
H06,27P_2,27,2,3,621.6811657,ermB,2,GF,yes,manure,1243362.331,2-GF
A07,27P_3,27,3,1,18.11261814,ermB,2,GF,yes,manure,36225.23628,2-GF
A08,27P_3,27,3,2,25.20394702,ermB,2,GF,yes,manure,50407.89404,2-GF
A09,27P_3,27,3,3,10.80767362,ermB,2,GF,yes,manure,21615.34724,2-GF
B07,28P_1,28,1,1,221.8020333,ermB,2,GF,yes,manure,443604.0666,2-GF
B08,28P_1,28,1,2,228.3349199,ermB,2,GF,yes,manure,456669.8398,2-GF
B09,28P_1,28,1,3,266.8865653,ermB,2,GF,yes,manure,533773.1306,2-GF
C07,28P_2,28,2,1,137.7355408,ermB,2,GF,yes,manure,275471.0816,2-GF
C08,28P_2,28,2,2,229.4331912,ermB,2,GF,yes,manure,458866.3824,2-GF
C09,28P_2,28,2,3,198.0971011,ermB,2,GF,yes,manure,396194.2022,2-GF
D07,28P_3,28,3,1,165.6410695,ermB,2,GF,yes,manure,331282.139,2-GF
D08,28P_3,28,3,2,228.6457371,ermB,2,GF,yes,manure,457291.4742,2-GF
D09,28P_3,28,3,3,224.5603404,ermB,2,GF,yes,manure,449120.6808,2-GF
E07,29P_1,29,1,1,95.40257446,ermB,1,GF,yes,manure,190805.1489,1-GF
E08,29P_1,29,1,2,169.4015975,ermB,1,GF,yes,manure,338803.195,1-GF
E09,29P_1,29,1,3,181.6595925,ermB,1,GF,yes,manure,363319.185,1-GF
F07,29P_2,29,2,1,114.1206318,ermB,1,GF,yes,manure,228241.2636,1-GF
F08,29P_2,29,2,2,236.0538261,ermB,1,GF,yes,manure,472107.6522,1-GF
F09,29P_2,29,2,3,137.5602153,ermB,1,GF,yes,manure,275120.4306,1-GF
G07,29P_3,29,3,1,182.7568011,ermB,1,GF,yes,manure,365513.6022,1-GF
G08,29P_3,29,3,2,184.0747261,ermB,1,GF,yes,manure,368149.4522,1-GF
G09,29P_3,29,3,3,213.3455026,ermB,1,GF,yes,manure,426691.0052,1-GF
D04,2P_1,2,1,1,519.0379604,ermB,1,Gilt,yes,manure,1038075.921,1-Gilt
D05,2P_1,2,1,2,602.7154437,ermB,1,Gilt,yes,manure,1205430.887,1-Gilt
D06,2P_1,2,1,3,550.2630135,ermB,1,Gilt,yes,manure,1100526.027,1-Gilt
E04,2P_2,2,2,1,1187.25512,ermB,1,Gilt,yes,manure,2374510.24,1-Gilt
E05,2P_2,2,2,2,969.4783766,ermB,1,Gilt,yes,manure,1938956.753,1-Gilt
E06,2P_2,2,2,3,1082.475066,ermB,1,Gilt,yes,manure,2164950.132,1-Gilt
F04,2P_3,2,3,1,1415.328636,ermB,1,Gilt,yes,manure,2830657.272,1-Gilt
F05,2P_3,2,3,2,1278.146411,ermB,1,Gilt,yes,manure,2556292.822,1-Gilt
F06,2P_3,2,3,3,1332.32589,ermB,1,Gilt,yes,manure,2664651.78,1-Gilt
H07,30P_1,30,1,1,1314.37166,ermB,2,WF,yes,manure,2628743.32,2-WF
H08,30P_1,30,1,2,1373.395429,ermB,2,WF,yes,manure,2746790.858,2-WF
H09,30P_1,30,1,3,1321.199764,ermB,2,WF,yes,manure,2642399.528,2-WF
A10,30P_2,30,2,1,1011.622449,ermB,2,WF,yes,manure,2023244.898,2-WF
A11,30P_2,30,2,2,1203.035806,ermB,2,WF,yes,manure,2406071.612,2-WF
A12,30P_2,30,2,3,1133.955975,ermB,2,WF,yes,manure,2267911.95,2-WF
B10,30P_3,30,3,1,1227.252222,ermB,2,WF,yes,manure,2454504.444,2-WF
B11,30P_3,30,3,2,1088.539763,ermB,2,WF,yes,manure,2177079.526,2-WF
B12,30P_3,30,3,3,948.6058991,ermB,2,WF,yes,manure,1897211.798,2-WF
C10,31P_1,31,1,1,133.7495386,ermB,2,WF,yes,manure,267499.0772,2-WF
C11,31P_1,31,1,2,98.83855958,ermB,2,WF,yes,manure,197677.1192,2-WF
C12,31P_1,31,1,3,53.78362896,ermB,2,WF,yes,manure,107567.2579,2-WF
D10,31P_2,31,2,1,138.7635082,ermB,2,WF,yes,manure,277527.0164,2-WF
D11,31P_2,31,2,2,114.9069193,ermB,2,WF,yes,manure,229813.8386,2-WF
D12,31P_2,31,2,3,142.212969,ermB,2,WF,yes,manure,284425.938,2-WF
E10,31P_3,31,3,1,97.20982156,ermB,2,WF,yes,manure,194419.6431,2-WF
E11,31P_3,31,3,2,132.6888907,ermB,2,WF,yes,manure,265377.7814,2-WF
E12,31P_3,31,3,3,101.678548,ermB,2,WF,yes,manure,203357.096,2-WF
F10,32P_1,32,1,1,715.673027,ermB,1,WF,yes,manure,1431346.054,1-WF
F11,32P_1,32,1,2,654.2895785,ermB,1,WF,yes,manure,1308579.157,1-WF
F12,32P_1,32,1,3,672.1542501,ermB,1,WF,yes,manure,1344308.5,1-WF
G10,32P_2,32,2,1,404.9663248,ermB,1,WF,yes,manure,809932.6496,1-WF
G11,32P_2,32,2,2,445.5948806,ermB,1,WF,yes,manure,891189.7612,1-WF
G12,32P_2,32,2,3,567.3472893,ermB,1,WF,yes,manure,1134694.579,1-WF
H10,32P_3,32,3,1,566.9434564,ermB,1,WF,yes,manure,1133886.913,1-WF
H11,32P_3,32,3,2,528.3485,ermB,1,WF,yes,manure,1056697,1-WF
H12,32P_3,32,3,3,544.2579752,ermB,1,WF,yes,manure,1088515.95,1-WF
A04,33P_1,33,1,1,2055.521209,ermB,1,WF,yes,manure,4111042.418,1-WF
A05,33P_1,33,1,2,2028.526059,ermB,1,WF,yes,manure,4057052.118,1-WF
A06,33P_1,33,1,3,2002.725494,ermB,1,WF,yes,manure,4005450.988,1-WF
B04,33P_2,33,2,1,2118.022631,ermB,1,WF,yes,manure,4236045.262,1-WF
B05,33P_2,33,2,2,2082.576438,ermB,1,WF,yes,manure,4165152.876,1-WF
B06,33P_2,33,2,3,2061.687686,ermB,1,WF,yes,manure,4123375.372,1-WF
C04,33P_3,33,3,1,2706.251631,ermB,1,WF,yes,manure,5412503.262,1-WF
C05,33P_3,33,3,2,2729.522829,ermB,1,WF,yes,manure,5459045.658,1-WF
C06,33P_3,33,3,3,2597.727772,ermB,1,WF,yes,manure,5195455.544,1-WF
D04,34P_1,34,1,1,161.6096502,ermB,2,WF,yes,manure,323219.3004,2-WF
D05,34P_1,34,1,2,177.0204946,ermB,2,WF,yes,manure,354040.9892,2-WF
D06,34P_1,34,1,3,144.6795453,ermB,2,WF,yes,manure,289359.0906,2-WF
E04,34P_2,34,2,1,98.14790605,ermB,2,WF,yes,manure,196295.8121,2-WF
E05,34P_2,34,2,2,171.9390145,ermB,2,WF,yes,manure,343878.029,2-WF
E06,34P_2,34,2,3,120.2616786,ermB,2,WF,yes,manure,240523.3572,2-WF
F04,34P_3,34,3,1,151.8649244,ermB,2,WF,yes,manure,303729.8488,2-WF
F05,34P_3,34,3,2,126.2686234,ermB,2,WF,yes,manure,252537.2468,2-WF
F06,34P_3,34,3,3,121.9676128,ermB,2,WF,yes,manure,243935.2256,2-WF
G04,35P_1,35,1,1,276.8441352,ermB,1,WF,yes,manure,553688.2704,1-WF
G05,35P_1,35,1,2,514.2705953,ermB,1,WF,yes,manure,1028541.191,1-WF
G06,35P_1,35,1,3,396.124492,ermB,1,WF,yes,manure,792248.984,1-WF
H04,35P_2,35,2,1,197.6163964,ermB,1,WF,yes,manure,395232.7928,1-WF
H05,35P_2,35,2,2,179.3180846,ermB,1,WF,yes,manure,358636.1692,1-WF
H06,35P_2,35,2,3,178.7123085,ermB,1,WF,yes,manure,357424.617,1-WF
A07,35P_3,35,3,1,153.9935115,ermB,1,WF,yes,manure,307987.023,1-WF
A08,35P_3,35,3,2,154.8523916,ermB,1,WF,yes,manure,309704.7832,1-WF
A09,35P_3,35,3,3,172.9481416,ermB,1,WF,yes,manure,345896.2832,1-WF
B07,36P_1,36,1,1,4935.861127,ermB,2,WF,yes,manure,9871722.254,2-WF
B08,36P_1,36,1,2,5032.186705,ermB,2,WF,yes,manure,10064373.41,2-WF
B09,36P_1,36,1,3,4798.039093,ermB,2,WF,yes,manure,9596078.186,2-WF
C07,36P_2,36,2,1,1095.752428,ermB,2,WF,yes,manure,2191504.856,2-WF
C08,36P_2,36,2,2,1106.636405,ermB,2,WF,yes,manure,2213272.81,2-WF
C09,36P_2,36,2,3,1068.334157,ermB,2,WF,yes,manure,2136668.314,2-WF
D07,36P_3,36,3,1,1842.250166,ermB,2,WF,yes,manure,3684500.332,2-WF
D08,36P_3,36,3,2,1881.402121,ermB,2,WF,yes,manure,3762804.242,2-WF
D09,36P_3,36,3,3,1974.119341,ermB,2,WF,yes,manure,3948238.682,2-WF
E07,37P_1,37,1,1,133.3665814,ermB,2,WF,yes,manure,266733.1628,2-WF
E08,37P_1,37,1,2,164.3714631,ermB,2,WF,yes,manure,328742.9262,2-WF
E09,37P_1,37,1,3,143.8362717,ermB,2,WF,yes,manure,287672.5434,2-WF
F07,37P_2,37,2,1,177.0345105,ermB,2,WF,yes,manure,354069.021,2-WF
F08,37P_2,37,2,2,167.6859246,ermB,2,WF,yes,manure,335371.8492,2-WF
F09,37P_2,37,2,3,130.000455,ermB,2,WF,yes,manure,260000.91,2-WF
G07,37P_3,37,3,1,131.1455431,ermB,2,WF,yes,manure,262291.0862,2-WF
G08,37P_3,37,3,2,108.8884872,ermB,2,WF,yes,manure,217776.9744,2-WF
G09,37P_3,37,3,3,125.3885309,ermB,2,WF,yes,manure,250777.0618,2-WF
H07,38P_1,38,1,1,3933.34319,ermB,2,WF,no,manure,7866686.38,2-WF
H08,38P_1,38,1,2,3813.080479,ermB,2,WF,no,manure,7626160.958,2-WF
H09,38P_1,38,1,3,3683.959732,ermB,2,WF,no,manure,7367919.464,2-WF
A10,38P_2,38,2,1,13539.89879,ermB,2,WF,no,manure,27079797.58,2-WF
A11,38P_2,38,2,2,12330.25462,ermB,2,WF,no,manure,24660509.24,2-WF
A12,38P_2,38,2,3,11907.00807,ermB,2,WF,no,manure,23814016.14,2-WF
B10,38P_3,38,3,1,19195.79676,ermB,2,WF,no,manure,38391593.52,2-WF
B11,38P_3,38,3,2,14591.07099,ermB,2,WF,no,manure,29182141.98,2-WF
B12,38P_3,38,3,3,16184.37575,ermB,2,WF,no,manure,32368751.5,2-WF
C10,39P_1,39,1,1,514.537526,ermB,1,GF,yes,manure,1029075.052,1-GF
C11,39P_1,39,1,2,452.7191826,ermB,1,GF,yes,manure,905438.3652,1-GF
C12,39P_1,39,1,3,406.821319,ermB,1,GF,yes,manure,813642.638,1-GF
D10,39P_2,39,2,1,532.4271825,ermB,1,GF,yes,manure,1064854.365,1-GF
D11,39P_2,39,2,2,568.5740581,ermB,1,GF,yes,manure,1137148.116,1-GF
D12,39P_2,39,2,3,522.4562534,ermB,1,GF,yes,manure,1044912.507,1-GF
E10,39P_3,39,3,1,622.5596821,ermB,1,GF,yes,manure,1245119.364,1-GF
E11,39P_3,39,3,2,578.0907913,ermB,1,GF,yes,manure,1156181.583,1-GF
E12,39P_3,39,3,3,644.482415,ermB,1,GF,yes,manure,1288964.83,1-GF
G04,3P_1,3,1,1,412.9822502,ermB,2,WF,yes,manure,825964.5004,2-WF
G05,3P_1,3,1,2,416.3298786,ermB,2,WF,yes,manure,832659.7572,2-WF
G06,3P_1,3,1,3,419.6591362,ermB,2,WF,yes,manure,839318.2724,2-WF
H04,3P_2,3,2,1,496.9584474,ermB,2,WF,yes,manure,993916.8948,2-WF
H05,3P_2,3,2,2,379.2124883,ermB,2,WF,yes,manure,758424.9766,2-WF
H06,3P_2,3,2,3,422.4567873,ermB,2,WF,yes,manure,844913.5746,2-WF
A07,3P_3,3,3,1,462.463818,ermB,2,WF,yes,manure,924927.636,2-WF
A08,3P_3,3,3,2,475.7371725,ermB,2,WF,yes,manure,951474.345,2-WF
A09,3P_3,3,3,3,430.1286353,ermB,2,WF,yes,manure,860257.2706,2-WF
F10,40P_1,40,1,1,176.2532845,ermB,1,WF,yes,manure,352506.569,1-WF
F11,40P_1,40,1,2,187.3793424,ermB,1,WF,yes,manure,374758.6848,1-WF
F12,40P_1,40,1,3,184.8286786,ermB,1,WF,yes,manure,369657.3572,1-WF
G10,40P_2,40,2,1,242.0263152,ermB,1,WF,yes,manure,484052.6304,1-WF
G11,40P_2,40,2,2,221.9175493,ermB,1,WF,yes,manure,443835.0986,1-WF
G12,40P_2,40,2,3,204.6091129,ermB,1,WF,yes,manure,409218.2258,1-WF
H10,40P_3,40,3,1,299.7875762,ermB,1,WF,yes,manure,599575.1524,1-WF
H11,40P_3,40,3,2,290.2762892,ermB,1,WF,yes,manure,580552.5784,1-WF
H12,40P_3,40,3,3,337.0851547,ermB,1,WF,yes,manure,674170.3094,1-WF
A04,41P_1,41,1,1,22.31008853,ermB,1,WF,yes,manure,44620.17706,1-WF
A05,41P_1,41,1,2,21.94475543,ermB,1,WF,yes,manure,43889.51086,1-WF
A06,41P_1,41,1,3,29.27909766,ermB,1,WF,yes,manure,58558.19532,1-WF
B04,41P_2,41,2,1,77.8014153,ermB,1,WF,yes,manure,155602.8306,1-WF
B05,41P_2,41,2,2,91.36366173,ermB,1,WF,yes,manure,182727.3235,1-WF
B06,41P_2,41,2,3,88.83425703,ermB,1,WF,yes,manure,177668.5141,1-WF
C04,41P_3,41,3,1,50.31065534,ermB,1,WF,yes,manure,100621.3107,1-WF
C05,41P_3,41,3,2,23.70050135,ermB,1,WF,yes,manure,47401.0027,1-WF
C06,41P_3,41,3,3,24.10535262,ermB,1,WF,yes,manure,48210.70524,1-WF
D04,42P_1,42,1,1,184.5024327,ermB,1,WF,yes,manure,369004.8654,1-WF
D05,42P_1,42,1,2,194.2618466,ermB,1,WF,yes,manure,388523.6932,1-WF
D06,42P_1,42,1,3,198.8278564,ermB,1,WF,yes,manure,397655.7128,1-WF
E04,42P_2,42,2,1,249.388685,ermB,1,WF,yes,manure,498777.37,1-WF
E05,42P_2,42,2,2,180.5374026,ermB,1,WF,yes,manure,361074.8052,1-WF
E06,42P_2,42,2,3,183.0482207,ermB,1,WF,yes,manure,366096.4414,1-WF
F04,42P_3,42,3,1,253.4832621,ermB,1,WF,yes,manure,506966.5242,1-WF
F05,42P_3,42,3,2,250.3025697,ermB,1,WF,yes,manure,500605.1394,1-WF
F06,42P_3,42,3,3,274.724291,ermB,1,WF,yes,manure,549448.582,1-WF
G04,43P_1,43,1,1,14408.01229,ermB,2,GF,no,manure,28816024.58,2-GF
G05,43P_1,43,1,2,14874.45912,ermB,2,GF,no,manure,29748918.24,2-GF
G06,43P_1,43,1,3,14865.22917,ermB,2,GF,no,manure,29730458.34,2-GF
H04,43P_2,43,2,1,7478.075653,ermB,2,GF,no,manure,14956151.31,2-GF
H05,43P_2,43,2,2,7609.717273,ermB,2,GF,no,manure,15219434.55,2-GF
H06,43P_2,43,2,3,7204.718228,ermB,2,GF,no,manure,14409436.46,2-GF
A07,43P_3,43,3,1,19721.82348,ermB,2,GF,no,manure,39443646.96,2-GF
A08,43P_3,43,3,2,18424.18222,ermB,2,GF,no,manure,36848364.44,2-GF
A09,43P_3,43,3,3,19313.09931,ermB,2,GF,no,manure,38626198.62,2-GF
B07,44P_1,44,1,1,6.902996854,ermB,1,GF,yes,manure,13805.99371,1-GF
B08,44P_1,44,1,2,4.045330731,ermB,1,GF,yes,manure,8090.661462,1-GF
B09,44P_1,44,1,3,10.1252464,ermB,1,GF,yes,manure,20250.4928,1-GF
C07,44P_2,44,2,1,5.525557877,ermB,1,GF,yes,manure,11051.11575,1-GF
C08,44P_2,44,2,2,13.12693667,ermB,1,GF,yes,manure,26253.87334,1-GF
C09,44P_2,44,2,3,21.53334309,ermB,1,GF,yes,manure,43066.68618,1-GF
D07,44P_3,44,3,1,21.85056709,ermB,1,GF,yes,manure,43701.13418,1-GF
D08,44P_3,44,3,2,10.08585207,ermB,1,GF,yes,manure,20171.70414,1-GF
D09,44P_3,44,3,3,5.779508338,ermB,1,GF,yes,manure,11559.01668,1-GF
E07,45P_1,45,1,1,338.7955785,ermB,1,WF,yes,manure,677591.157,1-WF
E08,45P_1,45,1,2,312.5936995,ermB,1,WF,yes,manure,625187.399,1-WF
E09,45P_1,45,1,3,374.6335659,ermB,1,WF,yes,manure,749267.1318,1-WF
F07,45P_2,45,2,1,441.3999515,ermB,1,WF,yes,manure,882799.903,1-WF
F08,45P_2,45,2,2,405.9032709,ermB,1,WF,yes,manure,811806.5418,1-WF
F09,45P_2,45,2,3,464.3967001,ermB,1,WF,yes,manure,928793.4002,1-WF
G07,45P_3,45,3,1,722.5669061,ermB,1,WF,yes,manure,1445133.812,1-WF
G08,45P_3,45,3,2,667.6245535,ermB,1,WF,yes,manure,1335249.107,1-WF
G09,45P_3,45,3,3,671.1062915,ermB,1,WF,yes,manure,1342212.583,1-WF
H07,46P_1,46,1,1,59.82109965,ermB,1,WF,yes,manure,119642.1993,1-WF
H08,46P_1,46,1,2,68.14899403,ermB,1,WF,yes,manure,136297.9881,1-WF
H09,46P_1,46,1,3,56.00432958,ermB,1,WF,yes,manure,112008.6592,1-WF
A10,46P_2,46,2,1,59.13353886,ermB,1,WF,yes,manure,118267.0777,1-WF
A11,46P_2,46,2,2,53.45595594,ermB,1,WF,yes,manure,106911.9119,1-WF
A12,46P_2,46,2,3,42.3380128,ermB,1,WF,yes,manure,84676.0256,1-WF
B10,46P_3,46,3,1,64.62594716,ermB,1,WF,yes,manure,129251.8943,1-WF
B11,46P_3,46,3,2,90.86619939,ermB,1,WF,yes,manure,181732.3988,1-WF
B12,46P_3,46,3,3,39.55703096,ermB,1,WF,yes,manure,79114.06192,1-WF
C10,47P_1,47,1,1,52.85470739,ermB,1,WF,yes,manure,105709.4148,1-WF
C11,47P_1,47,1,2,54.59837999,ermB,1,WF,yes,manure,109196.76,1-WF
C12,47P_1,47,1,3,66.22771746,ermB,1,WF,yes,manure,132455.4349,1-WF
D10,47P_2,47,2,1,68.55168338,ermB,1,WF,yes,manure,137103.3668,1-WF
D11,47P_2,47,2,2,67.78157753,ermB,1,WF,yes,manure,135563.1551,1-WF
D12,47P_2,47,2,3,68.07775396,ermB,1,WF,yes,manure,136155.5079,1-WF
E10,47P_3,47,3,1,65.13124018,ermB,1,WF,yes,manure,130262.4804,1-WF
E11,47P_3,47,3,2,51.30771877,ermB,1,WF,yes,manure,102615.4375,1-WF
E12,47P_3,47,3,3,57.24265471,ermB,1,WF,yes,manure,114485.3094,1-WF
F10,48P_1,48,1,1,39107.46219,ermB,2,WF,yes,manure,78214924.38,2-WF
F11,48P_1,48,1,2,38545.50901,ermB,2,WF,yes,manure,77091018.02,2-WF
F12,48P_1,48,1,3,35393.12385,ermB,2,WF,yes,manure,70786247.7,2-WF
G10,48P_2,48,2,1,32338.21021,ermB,2,WF,yes,manure,64676420.42,2-WF
G11,48P_2,48,2,2,31908.81914,ermB,2,WF,yes,manure,63817638.28,2-WF
G12,48P_2,48,2,3,30391.3355,ermB,2,WF,yes,manure,60782671,2-WF
H10,48P_3,48,3,1,21274.62471,ermB,2,WF,yes,manure,42549249.42,2-WF
H11,48P_3,48,3,2,19645.31046,ermB,2,WF,yes,manure,39290620.92,2-WF
H12,48P_3,48,3,3,20432.81584,ermB,2,WF,yes,manure,40865631.68,2-WF
A04,49P_1,49,1,1,2700.452539,ermB,2,WF,yes,manure,5400905.078,2-WF
A05,49P_1,49,1,2,2839.272475,ermB,2,WF,yes,manure,5678544.95,2-WF
A06,49P_1,49,1,3,2686.822917,ermB,2,WF,yes,manure,5373645.834,2-WF
B04,49P_2,49,2,1,4120.601426,ermB,2,WF,yes,manure,8241202.852,2-WF
B05,49P_2,49,2,2,4126.206048,ermB,2,WF,yes,manure,8252412.096,2-WF
B06,49P_2,49,2,3,4303.280796,ermB,2,WF,yes,manure,8606561.592,2-WF
C04,49P_3,49,3,1,5456.676716,ermB,2,WF,yes,manure,10913353.43,2-WF
C05,49P_3,49,3,2,5227.347058,ermB,2,WF,yes,manure,10454694.12,2-WF
C06,49P_3,49,3,3,5323.668522,ermB,2,WF,yes,manure,10647337.04,2-WF
B07,4P_1,4,1,1,74779.89345,ermB,2,WF,yes,manure,149559786.9,2-WF
B08,4P_1,4,1,2,71105.50148,ermB,2,WF,yes,manure,142211003,2-WF
B09,4P_1,4,1,3,74734.51338,ermB,2,WF,yes,manure,149469026.8,2-WF
C07,4P_2,4,2,1,73874.14218,ermB,2,WF,yes,manure,147748284.4,2-WF
C08,4P_2,4,2,2,72168.36433,ermB,2,WF,yes,manure,144336728.7,2-WF
C09,4P_2,4,2,3,68702.37297,ermB,2,WF,yes,manure,137404745.9,2-WF
D07,4P_3,4,3,1,85391.28986,ermB,2,WF,yes,manure,170782579.7,2-WF
D08,4P_3,4,3,2,85543.84506,ermB,2,WF,yes,manure,171087690.1,2-WF
D09,4P_3,4,3,3,83183.52396,ermB,2,WF,yes,manure,166367047.9,2-WF
D04,50P_1,50,1,1,39139.15845,ermB,2,WF,yes,manure,78278316.9,2-WF
D05,50P_1,50,1,2,43393.04918,ermB,2,WF,yes,manure,86786098.36,2-WF
D06,50P_1,50,1,3,39975.39667,ermB,2,WF,yes,manure,79950793.34,2-WF
E04,50P_2,50,2,1,40137.88618,ermB,2,WF,yes,manure,80275772.36,2-WF
E05,50P_2,50,2,2,38678.22092,ermB,2,WF,yes,manure,77356441.84,2-WF
E06,50P_2,50,2,3,43505.26371,ermB,2,WF,yes,manure,87010527.42,2-WF
F04,50P_3,50,3,1,37119.22402,ermB,2,WF,yes,manure,74238448.04,2-WF
F05,50P_3,50,3,2,36024.49268,ermB,2,WF,yes,manure,72048985.36,2-WF
F06,50P_3,50,3,3,40919.27828,ermB,2,WF,yes,manure,81838556.56,2-WF
E07,5P_1,5,1,1,1549.364585,ermB,2,WF,yes,manure,3098729.17,2-WF
E08,5P_1,5,1,2,1481.914837,ermB,2,WF,yes,manure,2963829.674,2-WF
E09,5P_1,5,1,3,1529.837146,ermB,2,WF,yes,manure,3059674.292,2-WF
F07,5P_2,5,2,1,2822.763284,ermB,2,WF,yes,manure,5645526.568,2-WF
F08,5P_2,5,2,2,2885.826696,ermB,2,WF,yes,manure,5771653.392,2-WF
F09,5P_2,5,2,3,2829.146767,ermB,2,WF,yes,manure,5658293.534,2-WF
G07,5P_3,5,3,1,3344.095272,ermB,2,WF,yes,manure,6688190.544,2-WF
G08,5P_3,5,3,2,3762.97512,ermB,2,WF,yes,manure,7525950.24,2-WF
G09,5P_3,5,3,3,2893.168845,ermB,2,WF,yes,manure,5786337.69,2-WF
H07,6P_1,6,1,1,287.0399216,ermB,1,WF,yes,manure,574079.8432,1-WF
H08,6P_1,6,1,2,169.7921052,ermB,1,WF,yes,manure,339584.2104,1-WF
H09,6P_1,6,1,3,266.1036518,ermB,1,WF,yes,manure,532207.3036,1-WF
A10,6P_2,6,2,1,325.7173482,ermB,1,WF,yes,manure,651434.6964,1-WF
A11,6P_2,6,2,2,290.7878073,ermB,1,WF,yes,manure,581575.6146,1-WF
A12,6P_2,6,2,3,428.9683626,ermB,1,WF,yes,manure,857936.7252,1-WF
B10,6P_3,6,3,1,225.7569976,ermB,1,WF,yes,manure,451513.9952,1-WF
B11,6P_3,6,3,2,253.8450674,ermB,1,WF,yes,manure,507690.1348,1-WF
B12,6P_3,6,3,3,156.4926556,ermB,1,WF,yes,manure,312985.3112,1-WF
C10,7P_1,7,1,1,4554.501507,ermB,1,GF,yes,manure,9109003.014,1-GF
C11,7P_1,7,1,2,3987.504774,ermB,1,GF,yes,manure,7975009.548,1-GF
C12,7P_1,7,1,3,3967.192015,ermB,1,GF,yes,manure,7934384.03,1-GF
D10,7P_2,7,2,1,6454.295769,ermB,1,GF,yes,manure,12908591.54,1-GF
D11,7P_2,7,2,2,6074.031653,ermB,1,GF,yes,manure,12148063.31,1-GF
D12,7P_2,7,2,3,6051.119164,ermB,1,GF,yes,manure,12102238.33,1-GF
E10,7P_3,7,3,1,7604.516207,ermB,1,GF,yes,manure,15209032.41,1-GF
E11,7P_3,7,3,2,7677.82447,ermB,1,GF,yes,manure,15355648.94,1-GF
E12,7P_3,7,3,3,7532.171777,ermB,1,GF,yes,manure,15064343.55,1-GF
F10,8P_1,8,1,1,1100.861188,ermB,2,GF,yes,manure,2201722.376,2-GF
F11,8P_1,8,1,2,1062.609683,ermB,2,GF,yes,manure,2125219.366,2-GF
F12,8P_1,8,1,3,1196.173364,ermB,2,GF,yes,manure,2392346.728,2-GF
G10,8P_2,8,2,1,2474.571976,ermB,2,GF,yes,manure,4949143.952,2-GF
G11,8P_2,8,2,2,2449.814102,ermB,2,GF,yes,manure,4899628.204,2-GF
G12,8P_2,8,2,3,2125.942481,ermB,2,GF,yes,manure,4251884.962,2-GF
H10,8P_3,8,3,1,2070.684334,ermB,2,GF,yes,manure,4141368.668,2-GF
H11,8P_3,8,3,2,2118.183154,ermB,2,GF,yes,manure,4236366.308,2-GF
H12,8P_3,8,3,3,2275.962724,ermB,2,GF,yes,manure,4551925.448,2-GF
A04,9P_1,9,1,1,3455.358934,ermB,2,Gilt,yes,manure,6910717.868,2-Gilt
A05,9P_1,9,1,2,3374.45144,ermB,2,Gilt,yes,manure,6748902.88,2-Gilt
A06,9P_1,9,1,3,3426.061053,ermB,2,Gilt,yes,manure,6852122.106,2-Gilt
B04,9P_2,9,2,1,2150.229261,ermB,2,Gilt,yes,manure,4300458.522,2-Gilt
B05,9P_2,9,2,2,2417.302267,ermB,2,Gilt,yes,manure,4834604.534,2-Gilt
B06,9P_2,9,2,3,2068.419003,ermB,2,Gilt,yes,manure,4136838.006,2-Gilt
C04,9P_3,9,3,1,2904.116406,ermB,2,Gilt,yes,manure,5808232.812,2-Gilt
C05,9P_3,9,3,2,3040.338084,ermB,2,Gilt,yes,manure,6080676.168,2-Gilt
C06,9P_3,9,3,3,2895.368984,ermB,2,Gilt,yes,manure,5790737.968,2-Gilt
H07,INHF10_1,INHF10,1,1,144.0003625,ermB,Soil,Soil,Soil,soil,288000.725,Soil
H08,INHF10_1,INHF10,1,2,157.6926104,ermB,Soil,Soil,Soil,soil,315385.2208,Soil
H09,INHF10_1,INHF10,1,3,190.0317588,ermB,Soil,Soil,Soil,soil,380063.5176,Soil
A10,INHF10_2,INHF10,2,1,973.4714578,ermB,Soil,Soil,Soil,soil,1946942.916,Soil
A11,INHF10_2,INHF10,2,2,844.873165,ermB,Soil,Soil,Soil,soil,1689746.33,Soil
A12,INHF10_2,INHF10,2,3,900.5177002,ermB,Soil,Soil,Soil,soil,1801035.4,Soil
B10,INHF10_3,INHF10,3,1,86.05182786,ermB,Soil,Soil,Soil,soil,172103.6557,Soil
B11,INHF10_3,INHF10,3,2,105.9783324,ermB,Soil,Soil,Soil,soil,211956.6648,Soil
B12,INHF10_3,INHF10,3,3,115.8600803,ermB,Soil,Soil,Soil,soil,231720.1606,Soil
G04,Manure_1,manure,1,1,316.7664718,ermB,1,WF,yes,control manure,633532.9436,1-WF
G05,Manure_1,manure,1,2,299.9182624,ermB,1,WF,yes,control manure,599836.5248,1-WF
G06,Manure_1,manure,1,3,316.7620058,ermB,1,WF,yes,control manure,633524.0116,1-WF
H04,Manure_2,manure,2,1,217.6486452,ermB,1,WF,yes,control manure,435297.2904,1-WF
H05,Manure_2,manure,2,2,241.9328099,ermB,1,WF,yes,control manure,483865.6198,1-WF
H06,Manure_2,manure,2,3,227.6736578,ermB,1,WF,yes,control manure,455347.3156,1-WF
A07,Manure_3,manure,3,1,7827.552608,ermB,1,WF,yes,control manure,15655105.22,1-WF
A08,Manure_3,manure,3,2,7436.863118,ermB,1,WF,yes,control manure,14873726.24,1-WF
A09,Manure_3,manure,3,3,7076.912457,ermB,1,WF,yes,control manure,14153824.91,1-WF
E07,NEAL10_1,NEAL10,1,1,551.3803635,ermB,Soil,Soil,Soil,soil,1102760.727,Soil
E08,NEAL10_1,NEAL10,1,2,504.4230016,ermB,Soil,Soil,Soil,soil,1008846.003,Soil
E09,NEAL10_1,NEAL10,1,3,461.9786974,ermB,Soil,Soil,Soil,soil,923957.3948,Soil
F07,NEAL10_2,NEAL10,2,1,99.14709687,ermB,Soil,Soil,Soil,soil,198294.1937,Soil
F08,NEAL10_2,NEAL10,2,2,105.9904032,ermB,Soil,Soil,Soil,soil,211980.8064,Soil
F09,NEAL10_2,NEAL10,2,3,114.4115002,ermB,Soil,Soil,Soil,soil,228823.0004,Soil
G07,NEAL10_3,NEAL10,3,1,169.2663377,ermB,Soil,Soil,Soil,soil,338532.6754,Soil
G08,NEAL10_3,NEAL10,3,2,167.7526297,ermB,Soil,Soil,Soil,soil,335505.2594,Soil
G09,NEAL10_3,NEAL10,3,3,133.658071,ermB,Soil,Soil,Soil,soil,267316.142,Soil
B07,WOR10_1,WOR10,1,1,160.2663076,ermB,Soil,Soil,Soil,soil,320532.6152,Soil
B08,WOR10_1,WOR10,1,2,124.6486254,ermB,Soil,Soil,Soil,soil,249297.2508,Soil
B09,WOR10_1,WOR10,1,3,158.4337774,ermB,Soil,Soil,Soil,soil,316867.5548,Soil
C07,WOR10_2,WOR10,2,1,193.4441032,ermB,Soil,Soil,Soil,soil,386888.2064,Soil
C08,WOR10_2,WOR10,2,2,176.5023257,ermB,Soil,Soil,Soil,soil,353004.6514,Soil
C09,WOR10_2,WOR10,2,3,193.170186,ermB,Soil,Soil,Soil,soil,386340.372,Soil
D07,WOR10_3,WOR10,3,1,287.237539,ermB,Soil,Soil,Soil,soil,574475.078,Soil
D08,WOR10_3,WOR10,3,2,327.6987902,ermB,Soil,Soil,Soil,soil,655397.5804,Soil
D09,WOR10_3,WOR10,3,3,288.9728716,ermB,Soil,Soil,Soil,soil,577945.7432,Soil
D04,10P_1,10,1,1,100.848257,tetM,1,GF,yes,manure,201696.514,1-GF
D06,10P_1,10,1,2,87.05798023,tetM,1,GF,yes,manure,174115.9605,1-GF
E04,10P_2,10,2,1,142.5483411,tetM,1,GF,yes,manure,285096.6822,1-GF
E06,10P_2,10,2,2,135.6660111,tetM,1,GF,yes,manure,271332.0222,1-GF
F04,10P_3,10,3,1,328.0666585,tetM,1,GF,yes,manure,656133.317,1-GF
F06,10P_3,10,3,2,393.3077323,tetM,1,GF,yes,manure,786615.4646,1-GF
G04,11P_1,11,1,1,625.1281807,tetM,1,WF,yes,manure,1250256.361,1-WF
G06,11P_1,11,1,2,639.9517526,tetM,1,WF,yes,manure,1279903.505,1-WF
H04,11P_2,11,2,1,746.7675393,tetM,1,WF,yes,manure,1493535.079,1-WF
H06,11P_2,11,2,2,714.8897198,tetM,1,WF,yes,manure,1429779.44,1-WF
A07,11P_3,11,3,1,852.3859838,tetM,1,WF,yes,manure,1704771.968,1-WF
A09,11P_3,11,3,2,784.8178847,tetM,1,WF,yes,manure,1569635.769,1-WF
B07,12P_1,12,1,1,148.2954626,tetM,1,WF,yes,manure,296590.9252,1-WF
B09,12P_1,12,1,2,153.4378426,tetM,1,WF,yes,manure,306875.6852,1-WF
C07,12P_2,12,2,1,384.3348119,tetM,1,WF,yes,manure,768669.6238,1-WF
C09,12P_2,12,2,2,359.7737185,tetM,1,WF,yes,manure,719547.437,1-WF
D07,12P_3,12,3,1,356.9883143,tetM,1,WF,yes,manure,713976.6286,1-WF
D09,12P_3,12,3,2,300.7540891,tetM,1,WF,yes,manure,601508.1782,1-WF
E07,13P_1,13,1,1,13798.80659,tetM,2,GF,yes,manure,27597613.18,2-GF
E09,13P_1,13,1,2,13422.90352,tetM,2,GF,yes,manure,26845807.04,2-GF
F07,13P_2,13,2,1,17148.45604,tetM,2,GF,yes,manure,34296912.08,2-GF
F09,13P_2,13,2,2,15631.33054,tetM,2,GF,yes,manure,31262661.08,2-GF
G07,13P_3,13,3,1,17617.34675,tetM,2,GF,yes,manure,35234693.5,2-GF
G09,13P_3,13,3,2,16615.09745,tetM,2,GF,yes,manure,33230194.9,2-GF
H07,14P_1,14,1,1,2312.041091,tetM,1,WF,yes,manure,4624082.182,1-WF
H09,14P_1,14,1,2,2187.776742,tetM,1,WF,yes,manure,4375553.484,1-WF
A10,14P_2,14,2,1,1379.066582,tetM,1,WF,yes,manure,2758133.164,1-WF
A11,14P_2,14,2,2,1221.12699,tetM,1,WF,yes,manure,2442253.98,1-WF
A12,14P_2,14,2,,1159.985871,tetM,1,WF,yes,manure,2319971.742,1-WF
B10,14P_3,14,3,12,1031.898611,tetM,1,WF,yes,manure,2063797.222,1-WF
B11,14P_3,14,3,,1037.347317,tetM,1,WF,yes,manure,2074694.634,1-WF
B12,14P_3,14,3,2,897.4923316,tetM,1,WF,yes,manure,1794984.663,1-WF
C10,15P_1,15,1,1,1088.439643,tetM,1,WF,yes,manure,2176879.286,1-WF
C11,15P_1,15,1,2,1022.421945,tetM,1,WF,yes,manure,2044843.89,1-WF
C12,15P_1,15,1,3,788.6351923,tetM,1,WF,yes,manure,1577270.385,1-WF
D10,15P_2,15,2,11,826.9613319,tetM,1,WF,yes,manure,1653922.664,1-WF
D11,15P_2,15,2,2,795.2750926,tetM,1,WF,yes,manure,1590550.185,1-WF
D12,15P_2,15,2,3,838.6904945,tetM,1,WF,yes,manure,1677380.989,1-WF
E10,15P_3,15,3,1,1037.898542,tetM,1,WF,yes,manure,2075797.084,1-WF
E11,15P_3,15,3,2,1028.933165,tetM,1,WF,yes,manure,2057866.33,1-WF
E12,15P_3,15,3,3,957.8096142,tetM,1,WF,yes,manure,1915619.228,1-WF
F10,16P_1,16,1,1,611.2496719,tetM,2,GF,yes,manure,1222499.344,2-GF
F11,16P_1,16,1,2,555.8521122,tetM,2,GF,yes,manure,1111704.224,2-GF
F12,16P_1,16,1,3,595.0316716,tetM,2,GF,yes,manure,1190063.343,2-GF
G10,16P_2,16,2,1,967.0351616,tetM,2,GF,yes,manure,1934070.323,2-GF
G11,16P_2,16,2,2,901.4833373,tetM,2,GF,yes,manure,1802966.675,2-GF
G12,16P_2,16,2,3,963.3598074,tetM,2,GF,yes,manure,1926719.615,2-GF
H10,16P_3,16,3,1,931.408559,tetM,2,GF,yes,manure,1862817.118,2-GF
H11,16P_3,16,3,2,853.9885635,tetM,2,GF,yes,manure,1707977.127,2-GF
H12,16P_3,16,3,3,609.1476117,tetM,2,GF,yes,manure,1218295.223,2-GF
A04,17P_1,17,1,1,445.1094199,tetM,1,GF,yes,manure,890218.8398,1-GF
A05,17P_1,17,1,2,493.4491157,tetM,1,GF,yes,manure,986898.2314,1-GF
A06,17P_1,17,1,3,524.9552521,tetM,1,GF,yes,manure,1049910.504,1-GF
B04,17P_2,17,2,1,653.3115192,tetM,1,GF,yes,manure,1306623.038,1-GF
B05,17P_2,17,2,2,785.3510305,tetM,1,GF,yes,manure,1570702.061,1-GF
B06,17P_2,17,2,3,747.9979176,tetM,1,GF,yes,manure,1495995.835,1-GF
C04,17P_3,17,3,1,938.2639294,tetM,1,GF,yes,manure,1876527.859,1-GF
C05,17P_3,17,3,2,865.1987423,tetM,1,GF,yes,manure,1730397.485,1-GF
C06,17P_3,17,3,3,927.0570008,tetM,1,GF,yes,manure,1854114.002,1-GF
D04,18P_1,18,1,1,10695.78631,tetM,2,GF,yes,manure,21391572.62,2-GF
D05,18P_1,18,1,2,11092.83168,tetM,2,GF,yes,manure,22185663.36,2-GF
D06,18P_1,18,1,3,10932.97065,tetM,2,GF,yes,manure,21865941.3,2-GF
E04,18P_2,18,2,1,10517.46704,tetM,2,GF,yes,manure,21034934.08,2-GF
E05,18P_2,18,2,2,10173.7764,tetM,2,GF,yes,manure,20347552.8,2-GF
E06,18P_2,18,2,3,10405.40636,tetM,2,GF,yes,manure,20810812.72,2-GF
F04,18P_3,18,3,1,11334.79625,tetM,2,GF,yes,manure,22669592.5,2-GF
F05,18P_3,18,3,2,12151.52283,tetM,2,GF,yes,manure,24303045.66,2-GF
F06,18P_3,18,3,3,12157.04263,tetM,2,GF,yes,manure,24314085.26,2-GF
G04,19P_1,19,1,1,24180.65694,tetM,2,WF,yes,manure,48361313.88,2-WF
G05,19P_1,19,1,2,24511.86483,tetM,2,WF,yes,manure,49023729.66,2-WF
G06,19P_1,19,1,3,25559.56303,tetM,2,WF,yes,manure,51119126.06,2-WF
H04,19P_2,19,2,1,24289.39695,tetM,2,WF,yes,manure,48578793.9,2-WF
H05,19P_2,19,2,2,23207.93294,tetM,2,WF,yes,manure,46415865.88,2-WF
H06,19P_2,19,2,3,23436.04326,tetM,2,WF,yes,manure,46872086.52,2-WF
A07,19P_3,19,3,1,18387.47098,tetM,2,WF,yes,manure,36774941.96,2-WF
A08,19P_3,19,3,2,17902.93232,tetM,2,WF,yes,manure,35805864.64,2-WF
A09,19P_3,19,3,3,17576.13449,tetM,2,WF,yes,manure,35152268.98,2-WF
A04,1P_1,1,1,1,2143.13643,tetM,1,WF,yes,manure,4286272.86,1-WF
A05,1P_1,1,1,2,2216.239966,tetM,1,WF,yes,manure,4432479.932,1-WF
A06,1P_1,1,1,3,2114.328002,tetM,1,WF,yes,manure,4228656.004,1-WF
B04,1P_2,1,2,1,2413.731372,tetM,1,WF,yes,manure,4827462.744,1-WF
B05,1P_2,1,2,2,2393.559308,tetM,1,WF,yes,manure,4787118.616,1-WF
B06,1P_2,1,2,3,2384.531687,tetM,1,WF,yes,manure,4769063.374,1-WF
C04,1P_3,1,3,1,2504.384168,tetM,1,WF,yes,manure,5008768.336,1-WF
C05,1P_3,1,3,2,2391.209256,tetM,1,WF,yes,manure,4782418.512,1-WF
C06,1P_3,1,3,3,2536.895904,tetM,1,WF,yes,manure,5073791.808,1-WF
B07,20P_1,20,1,1,167.1603973,tetM,2,WF,no,manure,334320.7946,2-WF
B08,20P_1,20,1,2,157.8607915,tetM,2,WF,no,manure,315721.583,2-WF
B09,20P_1,20,1,3,206.1276267,tetM,2,WF,no,manure,412255.2534,2-WF
C07,20P_2,20,2,1,166.1983513,tetM,2,WF,no,manure,332396.7026,2-WF
C08,20P_2,20,2,2,169.0579862,tetM,2,WF,no,manure,338115.9724,2-WF
C09,20P_2,20,2,3,180.3031325,tetM,2,WF,no,manure,360606.265,2-WF
D07,20P_3,20,3,1,155.9307342,tetM,2,WF,no,manure,311861.4684,2-WF
D08,20P_3,20,3,2,160.3199036,tetM,2,WF,no,manure,320639.8072,2-WF
D09,20P_3,20,3,3,161.9697644,tetM,2,WF,no,manure,323939.5288,2-WF
E07,21P_1,21,1,1,93.59534657,tetM,2,WF,yes,manure,187190.6931,2-WF
E08,21P_1,21,1,2,77.59333679,tetM,2,WF,yes,manure,155186.6736,2-WF
E09,21P_1,21,1,3,86.66799392,tetM,2,WF,yes,manure,173335.9878,2-WF
F07,21P_2,21,2,1,92.00974892,tetM,2,WF,yes,manure,184019.4978,2-WF
F08,21P_2,21,2,2,123.8562486,tetM,2,WF,yes,manure,247712.4972,2-WF
F09,21P_2,21,2,3,117.2510659,tetM,2,WF,yes,manure,234502.1318,2-WF
G07,21P_3,21,3,1,68.83321423,tetM,2,WF,yes,manure,137666.4285,2-WF
G08,21P_3,21,3,2,109.4631652,tetM,2,WF,yes,manure,218926.3304,2-WF
G09,21P_3,21,3,3,90.83976469,tetM,2,WF,yes,manure,181679.5294,2-WF
H07,22P_1,22,1,1,617.1258529,tetM,1,GF,yes,manure,1234251.706,1-GF
H08,22P_1,22,1,2,575.6880458,tetM,1,GF,yes,manure,1151376.092,1-GF
H09,22P_1,22,1,3,606.8439216,tetM,1,GF,yes,manure,1213687.843,1-GF
A10,22P_2,22,2,1,731.5424574,tetM,1,GF,yes,manure,1463084.915,1-GF
A11,22P_2,22,2,2,785.1361567,tetM,1,GF,yes,manure,1570272.313,1-GF
A12,22P_2,22,2,3,701.8069661,tetM,1,GF,yes,manure,1403613.932,1-GF
B10,22P_3,22,3,1,684.5383539,tetM,1,GF,yes,manure,1369076.708,1-GF
B11,22P_3,22,3,2,644.3789653,tetM,1,GF,yes,manure,1288757.931,1-GF
B12,22P_3,22,3,3,583.8820155,tetM,1,GF,yes,manure,1167764.031,1-GF
C10,23P_1,23,1,1,839.8801575,tetM,1,WF,yes,manure,1679760.315,1-WF
C11,23P_1,23,1,2,771.5438784,tetM,1,WF,yes,manure,1543087.757,1-WF
C12,23P_1,23,1,3,787.2836873,tetM,1,WF,yes,manure,1574567.375,1-WF
D10,23P_2,23,2,1,794.231454,tetM,1,WF,yes,manure,1588462.908,1-WF
D11,23P_2,23,2,2,779.8155967,tetM,1,WF,yes,manure,1559631.193,1-WF
D12,23P_2,23,2,3,827.5220059,tetM,1,WF,yes,manure,1655044.012,1-WF
E10,23P_3,23,3,1,892.1620628,tetM,1,WF,yes,manure,1784324.126,1-WF
E11,23P_3,23,3,2,863.5703394,tetM,1,WF,yes,manure,1727140.679,1-WF
E12,23P_3,23,3,3,1032.923523,tetM,1,WF,yes,manure,2065847.046,1-WF
F10,24P_1,24,1,1,848.1930609,tetM,1,WF,yes,manure,1696386.122,1-WF
F11,24P_1,24,1,2,905.6468686,tetM,1,WF,yes,manure,1811293.737,1-WF
F12,24P_1,24,1,3,944.3680193,tetM,1,WF,yes,manure,1888736.039,1-WF
G10,24P_2,24,2,1,1132.820307,tetM,1,WF,yes,manure,2265640.614,1-WF
G11,24P_2,24,2,2,1489.357422,tetM,1,WF,yes,manure,2978714.844,1-WF
G12,24P_2,24,2,3,1426.230506,tetM,1,WF,yes,manure,2852461.012,1-WF
H10,24P_3,24,3,1,1434.711009,tetM,1,WF,yes,manure,2869422.018,1-WF
H11,24P_3,24,3,2,1421.80974,tetM,1,WF,yes,manure,2843619.48,1-WF
H12,24P_3,24,3,3,1302.014319,tetM,1,WF,yes,manure,2604028.638,1-WF
B04,25P_2,25,2,1,460.603569,tetM,2,WF,yes,manure,921207.138,2-WF
B05,25P_2,25,2,2,506.4350586,tetM,2,WF,yes,manure,1012870.117,2-WF
B06,25P_2,25,2,3,524.8496471,tetM,2,WF,yes,manure,1049699.294,2-WF
C04,25P_3,25,3,1,583.6834203,tetM,2,WF,yes,manure,1167366.841,2-WF
C05,25P_3,25,3,2,609.2772522,tetM,2,WF,yes,manure,1218554.504,2-WF
C06,25P_3,25,3,3,553.4517446,tetM,2,WF,yes,manure,1106903.489,2-WF
D04,26P_1,26,1,1,840.0964993,tetM,2,WF,yes,manure,1680192.999,2-WF
D05,26P_1,26,1,2,816.0443022,tetM,2,WF,yes,manure,1632088.604,2-WF
D06,26P_1,26,1,3,849.4946905,tetM,2,WF,yes,manure,1698989.381,2-WF
E04,26P_2,26,2,1,1028.9996,tetM,2,WF,yes,manure,2057999.2,2-WF
E05,26P_2,26,2,2,1058.986098,tetM,2,WF,yes,manure,2117972.196,2-WF
E06,26P_2,26,2,3,950.5668392,tetM,2,WF,yes,manure,1901133.678,2-WF
F04,26P_3,26,3,1,822.4362341,tetM,2,WF,yes,manure,1644872.468,2-WF
F05,26P_3,26,3,2,825.6488563,tetM,2,WF,yes,manure,1651297.713,2-WF
F06,26P_3,26,3,3,910.7205814,tetM,2,WF,yes,manure,1821441.163,2-WF
G04,27P_1,27,1,1,1592.043954,tetM,2,GF,yes,manure,3184087.908,2-GF
G05,27P_1,27,1,2,1826.42984,tetM,2,GF,yes,manure,3652859.68,2-GF
G06,27P_1,27,1,3,1737.794527,tetM,2,GF,yes,manure,3475589.054,2-GF
H04,27P_2,27,2,1,2506.230543,tetM,2,GF,yes,manure,5012461.086,2-GF
H05,27P_2,27,2,2,2549.602463,tetM,2,GF,yes,manure,5099204.926,2-GF
H06,27P_2,27,2,3,2387.310414,tetM,2,GF,yes,manure,4774620.828,2-GF
A07,27P_3,27,3,1,12.01042649,tetM,2,GF,yes,manure,24020.85298,2-GF
A08,27P_3,27,3,2,11.10144549,tetM,2,GF,yes,manure,22202.89098,2-GF
A09,27P_3,27,3,3,11.6261407,tetM,2,GF,yes,manure,23252.2814,2-GF
B07,28P_1,28,1,1,66.11801227,tetM,2,GF,yes,manure,132236.0245,2-GF
B08,28P_1,28,1,2,71.60305207,tetM,2,GF,yes,manure,143206.1041,2-GF
B09,28P_1,28,1,3,70.12306558,tetM,2,GF,yes,manure,140246.1312,2-GF
C07,28P_2,28,2,1,67.65319516,tetM,2,GF,yes,manure,135306.3903,2-GF
C08,28P_2,28,2,2,77.17954975,tetM,2,GF,yes,manure,154359.0995,2-GF
C09,28P_2,28,2,3,65.26429039,tetM,2,GF,yes,manure,130528.5808,2-GF
D07,28P_3,28,3,1,55.45887344,tetM,2,GF,yes,manure,110917.7469,2-GF
D08,28P_3,28,3,2,65.31959834,tetM,2,GF,yes,manure,130639.1967,2-GF
D09,28P_3,28,3,3,61.37354259,tetM,2,GF,yes,manure,122747.0852,2-GF
E07,29P_1,29,1,1,83.6634845,tetM,1,GF,yes,manure,167326.969,1-GF
E08,29P_1,29,1,2,88.9662414,tetM,1,GF,yes,manure,177932.4828,1-GF
E09,29P_1,29,1,3,93.80087978,tetM,1,GF,yes,manure,187601.7596,1-GF
F07,29P_2,29,2,1,134.4493077,tetM,1,GF,yes,manure,268898.6154,1-GF
F08,29P_2,29,2,2,123.9597932,tetM,1,GF,yes,manure,247919.5864,1-GF
F09,29P_2,29,2,3,105.3473648,tetM,1,GF,yes,manure,210694.7296,1-GF
G07,29P_3,29,3,1,94.96647447,tetM,1,GF,yes,manure,189932.9489,1-GF
G08,29P_3,29,3,2,94.13153092,tetM,1,GF,yes,manure,188263.0618,1-GF
G09,29P_3,29,3,3,111.4087913,tetM,1,GF,yes,manure,222817.5826,1-GF
D04,2P_1,2,1,1,1371.97679,tetM,1,Gilt,yes,manure,2743953.58,1-Gilt
D05,2P_1,2,1,2,1436.266889,tetM,1,Gilt,yes,manure,2872533.778,1-Gilt
D06,2P_1,2,1,3,1402.510871,tetM,1,Gilt,yes,manure,2805021.742,1-Gilt
E04,2P_2,2,2,1,2461.49993,tetM,1,Gilt,yes,manure,4922999.86,1-Gilt
E05,2P_2,2,2,2,2423.618412,tetM,1,Gilt,yes,manure,4847236.824,1-Gilt
E06,2P_2,2,2,3,2518.918633,tetM,1,Gilt,yes,manure,5037837.266,1-Gilt
F04,2P_3,2,3,1,3065.97602,tetM,1,Gilt,yes,manure,6131952.04,1-Gilt
F05,2P_3,2,3,2,3068.388434,tetM,1,Gilt,yes,manure,6136776.868,1-Gilt
F06,2P_3,2,3,3,3061.949948,tetM,1,Gilt,yes,manure,6123899.896,1-Gilt
H07,30P_1,30,1,1,480.8893826,tetM,2,WF,yes,manure,961778.7652,2-WF
H08,30P_1,30,1,2,449.6502102,tetM,2,WF,yes,manure,899300.4204,2-WF
H09,30P_1,30,1,3,456.2747328,tetM,2,WF,yes,manure,912549.4656,2-WF
A10,30P_2,30,2,1,428.1168637,tetM,2,WF,yes,manure,856233.7274,2-WF
A11,30P_2,30,2,2,17.203622,tetM,2,WF,yes,manure,34407.244,2-WF
A12,30P_2,30,2,3,376.9944987,tetM,2,WF,yes,manure,753988.9974,2-WF
B10,30P_3,30,3,1,368.4689346,tetM,2,WF,yes,manure,736937.8692,2-WF
B11,30P_3,30,3,2,63.78296506,tetM,2,WF,yes,manure,127565.9301,2-WF
B12,30P_3,30,3,3,320.9040146,tetM,2,WF,yes,manure,641808.0292,2-WF
C10,31P_1,31,1,1,133.6579947,tetM,2,WF,yes,manure,267315.9894,2-WF
C11,31P_1,31,1,2,52.94582953,tetM,2,WF,yes,manure,105891.6591,2-WF
C12,31P_1,31,1,3,132.3968778,tetM,2,WF,yes,manure,264793.7556,2-WF
D10,31P_2,31,2,1,166.0348436,tetM,2,WF,yes,manure,332069.6872,2-WF
D11,31P_2,31,2,2,57.3441318,tetM,2,WF,yes,manure,114688.2636,2-WF
D12,31P_2,31,2,3,156.8162856,tetM,2,WF,yes,manure,313632.5712,2-WF
E10,31P_3,31,3,1,171.9272609,tetM,2,WF,yes,manure,343854.5218,2-WF
E11,31P_3,31,3,2,91.47509991,tetM,2,WF,yes,manure,182950.1998,2-WF
E12,31P_3,31,3,3,154.854393,tetM,2,WF,yes,manure,309708.786,2-WF
F10,32P_1,32,1,1,351.3287006,tetM,1,WF,yes,manure,702657.4012,1-WF
F11,32P_1,32,1,2,117.3366175,tetM,1,WF,yes,manure,234673.235,1-WF
F12,32P_1,32,1,3,349.730316,tetM,1,WF,yes,manure,699460.632,1-WF
G10,32P_2,32,2,1,229.6743502,tetM,1,WF,yes,manure,459348.7004,1-WF
G11,32P_2,32,2,2,78.12804344,tetM,1,WF,yes,manure,156256.0869,1-WF
G12,32P_2,32,2,3,252.8737675,tetM,1,WF,yes,manure,505747.535,1-WF
H10,32P_3,32,3,1,259.5224437,tetM,1,WF,yes,manure,519044.8874,1-WF
H11,32P_3,32,3,2,456.3869223,tetM,1,WF,yes,manure,912773.8446,1-WF
H12,32P_3,32,3,3,239.2035206,tetM,1,WF,yes,manure,478407.0412,1-WF
A04,33P_1,33,1,1,888.7354918,tetM,1,WF,yes,manure,1777470.984,1-WF
A05,33P_1,33,1,2,945.6857417,tetM,1,WF,yes,manure,1891371.483,1-WF
A06,33P_1,33,1,3,899.4846149,tetM,1,WF,yes,manure,1798969.23,1-WF
B04,33P_2,33,2,1,882.7334876,tetM,1,WF,yes,manure,1765466.975,1-WF
B05,33P_2,33,2,2,923.7349541,tetM,1,WF,yes,manure,1847469.908,1-WF
B06,33P_2,33,2,3,878.6392682,tetM,1,WF,yes,manure,1757278.536,1-WF
C04,33P_3,33,3,1,1087.667004,tetM,1,WF,yes,manure,2175334.008,1-WF
C05,33P_3,33,3,2,1238.521842,tetM,1,WF,yes,manure,2477043.684,1-WF
C06,33P_3,33,3,3,1128.486853,tetM,1,WF,yes,manure,2256973.706,1-WF
D04,34P_1,34,1,1,229.7312138,tetM,2,WF,yes,manure,459462.4276,2-WF
D05,34P_1,34,1,2,248.6638576,tetM,2,WF,yes,manure,497327.7152,2-WF
D06,34P_1,34,1,3,263.8046614,tetM,2,WF,yes,manure,527609.3228,2-WF
E04,34P_2,34,2,1,223.8638558,tetM,2,WF,yes,manure,447727.7116,2-WF
E05,34P_2,34,2,2,188.0662352,tetM,2,WF,yes,manure,376132.4704,2-WF
E06,34P_2,34,2,3,211.7612495,tetM,2,WF,yes,manure,423522.499,2-WF
F04,34P_3,34,3,1,239.4130599,tetM,2,WF,yes,manure,478826.1198,2-WF
F05,34P_3,34,3,2,254.9540049,tetM,2,WF,yes,manure,509908.0098,2-WF
F06,34P_3,34,3,3,222.9267147,tetM,2,WF,yes,manure,445853.4294,2-WF
G04,35P_1,35,1,1,436.1009444,tetM,1,WF,yes,manure,872201.8888,1-WF
G05,35P_1,35,1,2,460.1186969,tetM,1,WF,yes,manure,920237.3938,1-WF
G06,35P_1,35,1,3,501.2391703,tetM,1,WF,yes,manure,1002478.341,1-WF
H04,35P_2,35,2,1,369.2479513,tetM,1,WF,yes,manure,738495.9026,1-WF
H05,35P_2,35,2,2,379.6722897,tetM,1,WF,yes,manure,759344.5794,1-WF
H06,35P_2,35,2,3,379.934723,tetM,1,WF,yes,manure,759869.446,1-WF
A07,35P_3,35,3,1,319.4911343,tetM,1,WF,yes,manure,638982.2686,1-WF
A08,35P_3,35,3,2,338.4828382,tetM,1,WF,yes,manure,676965.6764,1-WF
A09,35P_3,35,3,3,331.1554295,tetM,1,WF,yes,manure,662310.859,1-WF
B07,36P_1,36,1,1,1459.327474,tetM,2,WF,yes,manure,2918654.948,2-WF
B08,36P_1,36,1,2,1353.22817,tetM,2,WF,yes,manure,2706456.34,2-WF
B09,36P_1,36,1,3,1453.0302,tetM,2,WF,yes,manure,2906060.4,2-WF
C07,36P_2,36,2,1,337.3176793,tetM,2,WF,yes,manure,674635.3586,2-WF
C08,36P_2,36,2,2,310.5686182,tetM,2,WF,yes,manure,621137.2364,2-WF
C09,36P_2,36,2,3,311.4299106,tetM,2,WF,yes,manure,622859.8212,2-WF
D07,36P_3,36,3,1,539.6293356,tetM,2,WF,yes,manure,1079258.671,2-WF
D08,36P_3,36,3,2,519.6317683,tetM,2,WF,yes,manure,1039263.537,2-WF
D09,36P_3,36,3,3,521.2338829,tetM,2,WF,yes,manure,1042467.766,2-WF
E07,37P_1,37,1,1,155.5823766,tetM,2,WF,yes,manure,311164.7532,2-WF
E08,37P_1,37,1,2,146.0246881,tetM,2,WF,yes,manure,292049.3762,2-WF
E09,37P_1,37,1,3,161.680841,tetM,2,WF,yes,manure,323361.682,2-WF
F07,37P_2,37,2,1,137.170087,tetM,2,WF,yes,manure,274340.174,2-WF
F08,37P_2,37,2,2,165.0253825,tetM,2,WF,yes,manure,330050.765,2-WF
F09,37P_2,37,2,3,124.7113406,tetM,2,WF,yes,manure,249422.6812,2-WF
G07,37P_3,37,3,1,117.3138981,tetM,2,WF,yes,manure,234627.7962,2-WF
G08,37P_3,37,3,2,121.9663245,tetM,2,WF,yes,manure,243932.649,2-WF
G09,37P_3,37,3,3,103.7924806,tetM,2,WF,yes,manure,207584.9612,2-WF
H07,38P_1,38,1,1,3278.647652,tetM,2,WF,no,manure,6557295.304,2-WF
H08,38P_1,38,1,2,3248.510261,tetM,2,WF,no,manure,6497020.522,2-WF
H09,38P_1,38,1,3,3339.510556,tetM,2,WF,no,manure,6679021.112,2-WF
A10,38P_2,38,2,1,4899.503464,tetM,2,WF,no,manure,9799006.928,2-WF
A11,38P_2,38,2,2,5004.970166,tetM,2,WF,no,manure,10009940.33,2-WF
A12,38P_2,38,2,3,5068.311126,tetM,2,WF,no,manure,10136622.25,2-WF
B10,38P_3,38,3,1,7038.562029,tetM,2,WF,no,manure,14077124.06,2-WF
B11,38P_3,38,3,2,6840.855678,tetM,2,WF,no,manure,13681711.36,2-WF
B12,38P_3,38,3,3,6096.333358,tetM,2,WF,no,manure,12192666.72,2-WF
C10,39P_1,39,1,1,909.0393969,tetM,1,GF,yes,manure,1818078.794,1-GF
C11,39P_1,39,1,2,893.225393,tetM,1,GF,yes,manure,1786450.786,1-GF
C12,39P_1,39,1,3,982.4979441,tetM,1,GF,yes,manure,1964995.888,1-GF
D10,39P_2,39,2,1,1063.917101,tetM,1,GF,yes,manure,2127834.202,1-GF
D11,39P_2,39,2,2,1227.724675,tetM,1,GF,yes,manure,2455449.35,1-GF
D12,39P_2,39,2,3,1312.333515,tetM,1,GF,yes,manure,2624667.03,1-GF
E10,39P_3,39,3,1,1199.908898,tetM,1,GF,yes,manure,2399817.796,1-GF
E11,39P_3,39,3,2,1230.534282,tetM,1,GF,yes,manure,2461068.564,1-GF
E12,39P_3,39,3,3,1635.665259,tetM,1,GF,yes,manure,3271330.518,1-GF
G04,3P_1,3,1,1,226.5407134,tetM,2,WF,yes,manure,453081.4268,2-WF
G05,3P_1,3,1,2,279.773297,tetM,2,WF,yes,manure,559546.594,2-WF
G06,3P_1,3,1,3,251.4750039,tetM,2,WF,yes,manure,502950.0078,2-WF
H04,3P_2,3,2,1,356.151602,tetM,2,WF,yes,manure,712303.204,2-WF
H05,3P_2,3,2,2,323.7173353,tetM,2,WF,yes,manure,647434.6706,2-WF
H06,3P_2,3,2,3,346.2779955,tetM,2,WF,yes,manure,692555.991,2-WF
A07,3P_3,3,3,1,216.066066,tetM,2,WF,yes,manure,432132.132,2-WF
A08,3P_3,3,3,2,209.7540554,tetM,2,WF,yes,manure,419508.1108,2-WF
A09,3P_3,3,3,3,228.093286,tetM,2,WF,yes,manure,456186.572,2-WF
F10,40P_1,40,1,1,292.3487022,tetM,1,WF,yes,manure,584697.4044,1-WF
F11,40P_1,40,1,2,286.3043912,tetM,1,WF,yes,manure,572608.7824,1-WF
F12,40P_1,40,1,3,314.8601763,tetM,1,WF,yes,manure,629720.3526,1-WF
G10,40P_2,40,2,1,349.4182504,tetM,1,WF,yes,manure,698836.5008,1-WF
G11,40P_2,40,2,2,370.4802905,tetM,1,WF,yes,manure,740960.581,1-WF
G12,40P_2,40,2,3,487.4221872,tetM,1,WF,yes,manure,974844.3744,1-WF
H10,40P_3,40,3,1,360.1222062,tetM,1,WF,yes,manure,720244.4124,1-WF
H11,40P_3,40,3,2,411.7376217,tetM,1,WF,yes,manure,823475.2434,1-WF
H12,40P_3,40,3,3,414.7690062,tetM,1,WF,yes,manure,829538.0124,1-WF
A04,41P_1,41,1,1,760.0000866,tetM,1,WF,yes,manure,1520000.173,1-WF
A05,41P_1,41,1,2,747.9248566,tetM,1,WF,yes,manure,1495849.713,1-WF
A06,41P_1,41,1,3,750.5232684,tetM,1,WF,yes,manure,1501046.537,1-WF
B04,41P_2,41,2,1,728.6273599,tetM,1,WF,yes,manure,1457254.72,1-WF
B05,41P_2,41,2,2,741.3350798,tetM,1,WF,yes,manure,1482670.16,1-WF
B06,41P_2,41,2,3,743.8463606,tetM,1,WF,yes,manure,1487692.721,1-WF
C04,41P_3,41,3,1,594.4796237,tetM,1,WF,yes,manure,1188959.247,1-WF
C05,41P_3,41,3,2,456.6116627,tetM,1,WF,yes,manure,913223.3254,1-WF
C06,41P_3,41,3,3,590.7969128,tetM,1,WF,yes,manure,1181593.826,1-WF
D04,42P_1,42,1,1,2805.220016,tetM,1,WF,yes,manure,5610440.032,1-WF
D05,42P_1,42,1,2,2696.642349,tetM,1,WF,yes,manure,5393284.698,1-WF
D06,42P_1,42,1,3,2726.416283,tetM,1,WF,yes,manure,5452832.566,1-WF
E04,42P_2,42,2,1,2738.044042,tetM,1,WF,yes,manure,5476088.084,1-WF
E05,42P_2,42,2,2,2732.603992,tetM,1,WF,yes,manure,5465207.984,1-WF
E06,42P_2,42,2,3,2691.616339,tetM,1,WF,yes,manure,5383232.678,1-WF
F04,42P_3,42,3,1,2824.373181,tetM,1,WF,yes,manure,5648746.362,1-WF
F05,42P_3,42,3,2,2863.402454,tetM,1,WF,yes,manure,5726804.908,1-WF
F06,42P_3,42,3,3,2907.964186,tetM,1,WF,yes,manure,5815928.372,1-WF
G04,43P_1,43,1,1,44527.84726,tetM,2,GF,no,manure,89055694.52,2-GF
G05,43P_1,43,1,2,43063.25683,tetM,2,GF,no,manure,86126513.66,2-GF
G06,43P_1,43,1,3,47027.4977,tetM,2,GF,no,manure,94054995.4,2-GF
H04,43P_2,43,2,1,24266.5489,tetM,2,GF,no,manure,48533097.8,2-GF
H05,43P_2,43,2,2,24956.21158,tetM,2,GF,no,manure,49912423.16,2-GF
H06,43P_2,43,2,3,24814.92157,tetM,2,GF,no,manure,49629843.14,2-GF
A07,43P_3,43,3,1,57735.80607,tetM,2,GF,no,manure,115471612.1,2-GF
A08,43P_3,43,3,2,57709.40033,tetM,2,GF,no,manure,115418800.7,2-GF
A09,43P_3,43,3,3,56930.60613,tetM,2,GF,no,manure,113861212.3,2-GF
B07,44P_1,44,1,1,288.4197941,tetM,1,GF,yes,manure,576839.5882,1-GF
B08,44P_1,44,1,2,244.8555997,tetM,1,GF,yes,manure,489711.1994,1-GF
B09,44P_1,44,1,3,298.3764152,tetM,1,GF,yes,manure,596752.8304,1-GF
C07,44P_2,44,2,1,447.6524341,tetM,1,GF,yes,manure,895304.8682,1-GF
C08,44P_2,44,2,2,446.2339534,tetM,1,GF,yes,manure,892467.9068,1-GF
C09,44P_2,44,2,3,452.6970043,tetM,1,GF,yes,manure,905394.0086,1-GF
D07,44P_3,44,3,1,436.1954324,tetM,1,GF,yes,manure,872390.8648,1-GF
D08,44P_3,44,3,2,436.3003184,tetM,1,GF,yes,manure,872600.6368,1-GF
D09,44P_3,44,3,3,469.0016357,tetM,1,GF,yes,manure,938003.2714,1-GF
E07,45P_1,45,1,1,1892.038927,tetM,1,WF,yes,manure,3784077.854,1-WF
E08,45P_1,45,1,2,1790.376687,tetM,1,WF,yes,manure,3580753.374,1-WF
E09,45P_1,45,1,3,1959.735738,tetM,1,WF,yes,manure,3919471.476,1-WF
F07,45P_2,45,2,1,2494.858666,tetM,1,WF,yes,manure,4989717.332,1-WF
F08,45P_2,45,2,2,2614.001682,tetM,1,WF,yes,manure,5228003.364,1-WF
F09,45P_2,45,2,3,2722.321028,tetM,1,WF,yes,manure,5444642.056,1-WF
G07,45P_3,45,3,1,2958.105296,tetM,1,WF,yes,manure,5916210.592,1-WF
G08,45P_3,45,3,2,2960.027941,tetM,1,WF,yes,manure,5920055.882,1-WF
G09,45P_3,45,3,3,2970.344462,tetM,1,WF,yes,manure,5940688.924,1-WF
H07,46P_1,46,1,1,773.8322309,tetM,1,WF,yes,manure,1547664.462,1-WF
H08,46P_1,46,1,2,764.695649,tetM,1,WF,yes,manure,1529391.298,1-WF
H09,46P_1,46,1,3,777.1337139,tetM,1,WF,yes,manure,1554267.428,1-WF
A10,46P_2,46,2,1,726.8573956,tetM,1,WF,yes,manure,1453714.791,1-WF
A11,46P_2,46,2,2,739.3992784,tetM,1,WF,yes,manure,1478798.557,1-WF
A12,46P_2,46,2,3,736.5000348,tetM,1,WF,yes,manure,1473000.07,1-WF
B10,46P_3,46,3,1,871.5840344,tetM,1,WF,yes,manure,1743168.069,1-WF
B11,46P_3,46,3,2,836.0413362,tetM,1,WF,yes,manure,1672082.672,1-WF
B12,46P_3,46,3,3,717.6153787,tetM,1,WF,yes,manure,1435230.757,1-WF
C10,47P_1,47,1,1,590.490353,tetM,1,WF,yes,manure,1180980.706,1-WF
C11,47P_1,47,1,2,461.4853121,tetM,1,WF,yes,manure,922970.6242,1-WF
C12,47P_1,47,1,3,509.1516884,tetM,1,WF,yes,manure,1018303.377,1-WF
D10,47P_2,47,2,1,694.7888596,tetM,1,WF,yes,manure,1389577.719,1-WF
D11,47P_2,47,2,2,561.9565074,tetM,1,WF,yes,manure,1123913.015,1-WF
D12,47P_2,47,2,3,634.7676546,tetM,1,WF,yes,manure,1269535.309,1-WF
E10,47P_3,47,3,1,705.0077726,tetM,1,WF,yes,manure,1410015.545,1-WF
E11,47P_3,47,3,2,709.7465656,tetM,1,WF,yes,manure,1419493.131,1-WF
E12,47P_3,47,3,3,642.7634872,tetM,1,WF,yes,manure,1285526.974,1-WF
F10,48P_1,48,1,1,143728.016,tetM,2,WF,yes,manure,287456032,2-WF
F11,48P_1,48,1,2,143044.0642,tetM,2,WF,yes,manure,286088128.4,2-WF
F12,48P_1,48,1,3,129312.2698,tetM,2,WF,yes,manure,258624539.6,2-WF
G10,48P_2,48,2,1,122986.7082,tetM,2,WF,yes,manure,245973416.4,2-WF
G11,48P_2,48,2,2,117880.317,tetM,2,WF,yes,manure,235760634,2-WF
G12,48P_2,48,2,3,112877.5914,tetM,2,WF,yes,manure,225755182.8,2-WF
H10,48P_3,48,3,1,77737.57222,tetM,2,WF,yes,manure,155475144.4,2-WF
H11,48P_3,48,3,2,78395.20234,tetM,2,WF,yes,manure,156790404.7,2-WF
H12,48P_3,48,3,3,76688.46188,tetM,2,WF,yes,manure,153376923.8,2-WF
A04,49P_1,49,1,1,11250.2827,tetM,2,WF,yes,manure,22500565.4,2-WF
A05,49P_1,49,1,2,11017.31154,tetM,2,WF,yes,manure,22034623.08,2-WF
A06,49P_1,49,1,3,12170.54813,tetM,2,WF,yes,manure,24341096.26,2-WF
B04,49P_2,49,2,1,16206.9636,tetM,2,WF,yes,manure,32413927.2,2-WF
B05,49P_2,49,2,2,16414.51782,tetM,2,WF,yes,manure,32829035.64,2-WF
B06,49P_2,49,2,3,16900.21638,tetM,2,WF,yes,manure,33800432.76,2-WF
C04,49P_3,49,3,1,20455.30885,tetM,2,WF,yes,manure,40910617.7,2-WF
C05,49P_3,49,3,2,20487.20331,tetM,2,WF,yes,manure,40974406.62,2-WF
C06,49P_3,49,3,3,20438.27374,tetM,2,WF,yes,manure,40876547.48,2-WF
B07,4P_1,4,1,1,54609.72926,tetM,2,WF,yes,manure,109219458.5,2-WF
B08,4P_1,4,1,2,54288.70313,tetM,2,WF,yes,manure,108577406.3,2-WF
B09,4P_1,4,1,3,55491.40201,tetM,2,WF,yes,manure,110982804,2-WF
C07,4P_2,4,2,1,58493.02223,tetM,2,WF,yes,manure,116986044.5,2-WF
C08,4P_2,4,2,2,56705.48169,tetM,2,WF,yes,manure,113410963.4,2-WF
C09,4P_2,4,2,3,58123.66939,tetM,2,WF,yes,manure,116247338.8,2-WF
D07,4P_3,4,3,1,79386.28687,tetM,2,WF,yes,manure,158772573.7,2-WF
D08,4P_3,4,3,2,75725.61365,tetM,2,WF,yes,manure,151451227.3,2-WF
D09,4P_3,4,3,3,79575.47992,tetM,2,WF,yes,manure,159150959.8,2-WF
D04,50P_1,50,1,1,53859.2834,tetM,2,WF,yes,manure,107718566.8,2-WF
D05,50P_1,50,1,2,54484.69587,tetM,2,WF,yes,manure,108969391.7,2-WF
D06,50P_1,50,1,3,57212.51984,tetM,2,WF,yes,manure,114425039.7,2-WF
E04,50P_2,50,2,1,52560.48719,tetM,2,WF,yes,manure,105120974.4,2-WF
E05,50P_2,50,2,2,55451.52323,tetM,2,WF,yes,manure,110903046.5,2-WF
E06,50P_2,50,2,3,53648.78436,tetM,2,WF,yes,manure,107297568.7,2-WF
F04,50P_3,50,3,1,49158.95785,tetM,2,WF,yes,manure,98317915.7,2-WF
F05,50P_3,50,3,2,51679.47182,tetM,2,WF,yes,manure,103358943.6,2-WF
F06,50P_3,50,3,3,50078.59539,tetM,2,WF,yes,manure,100157190.8,2-WF
E07,5P_1,5,1,1,266.3438105,tetM,2,WF,yes,manure,532687.621,2-WF
E08,5P_1,5,1,2,234.0109635,tetM,2,WF,yes,manure,468021.927,2-WF
E09,5P_1,5,1,3,249.3102812,tetM,2,WF,yes,manure,498620.5624,2-WF
F07,5P_2,5,2,1,664.8203448,tetM,2,WF,yes,manure,1329640.69,2-WF
F08,5P_2,5,2,2,613.8273692,tetM,2,WF,yes,manure,1227654.738,2-WF
F09,5P_2,5,2,3,600.3641009,tetM,2,WF,yes,manure,1200728.202,2-WF
G07,5P_3,5,3,1,800.2917421,tetM,2,WF,yes,manure,1600583.484,2-WF
G08,5P_3,5,3,2,807.1359214,tetM,2,WF,yes,manure,1614271.843,2-WF
G09,5P_3,5,3,3,822.7227227,tetM,2,WF,yes,manure,1645445.445,2-WF
H07,6P_1,6,1,1,1408.971654,tetM,1,WF,yes,manure,2817943.308,1-WF
H08,6P_1,6,1,2,1274.222494,tetM,1,WF,yes,manure,2548444.988,1-WF
H09,6P_1,6,1,3,1401.063323,tetM,1,WF,yes,manure,2802126.646,1-WF
A10,6P_2,6,2,1,1398.620426,tetM,1,WF,yes,manure,2797240.852,1-WF
A11,6P_2,6,2,2,1314.39171,tetM,1,WF,yes,manure,2628783.42,1-WF
A12,6P_2,6,2,3,1258.465616,tetM,1,WF,yes,manure,2516931.232,1-WF
B10,6P_3,6,3,1,1121.906992,tetM,1,WF,yes,manure,2243813.984,1-WF
B11,6P_3,6,3,2,1129.832334,tetM,1,WF,yes,manure,2259664.668,1-WF
B12,6P_3,6,3,3,981.7500943,tetM,1,WF,yes,manure,1963500.189,1-WF
C10,7P_1,7,1,1,240.2327481,tetM,1,GF,yes,manure,480465.4962,1-GF
C11,7P_1,7,1,2,234.2760732,tetM,1,GF,yes,manure,468552.1464,1-GF
C12,7P_1,7,1,3,225.7811739,tetM,1,GF,yes,manure,451562.3478,1-GF
D10,7P_2,7,2,1,554.8183233,tetM,1,GF,yes,manure,1109636.647,1-GF
D11,7P_2,7,2,2,546.5946412,tetM,1,GF,yes,manure,1093189.282,1-GF
D12,7P_2,7,2,3,608.6998861,tetM,1,GF,yes,manure,1217399.772,1-GF
E10,7P_3,7,3,1,1100.379915,tetM,1,GF,yes,manure,2200759.83,1-GF
E11,7P_3,7,3,2,1113.765448,tetM,1,GF,yes,manure,2227530.896,1-GF
E12,7P_3,7,3,3,1079.910003,tetM,1,GF,yes,manure,2159820.006,1-GF
F10,8P_1,8,1,1,717.0346884,tetM,2,GF,yes,manure,1434069.377,2-GF
F11,8P_1,8,1,2,730.8365902,tetM,2,GF,yes,manure,1461673.18,2-GF
F12,8P_1,8,1,3,760.6551163,tetM,2,GF,yes,manure,1521310.233,2-GF
G10,8P_2,8,2,1,1884.984296,tetM,2,GF,yes,manure,3769968.592,2-GF
G11,8P_2,8,2,2,1710.365568,tetM,2,GF,yes,manure,3420731.136,2-GF
G12,8P_2,8,2,3,1679.538604,tetM,2,GF,yes,manure,3359077.208,2-GF
H10,8P_3,8,3,1,1602.039865,tetM,2,GF,yes,manure,3204079.73,2-GF
H11,8P_3,8,3,2,1674.115128,tetM,2,GF,yes,manure,3348230.256,2-GF
H12,8P_3,8,3,3,1650.503297,tetM,2,GF,yes,manure,3301006.594,2-GF
A04,9P_1,9,1,1,1185.798831,tetM,2,Gilt,yes,manure,2371597.662,2-Gilt
A06,9P_1,9,1,2,1201.035012,tetM,2,Gilt,yes,manure,2402070.024,2-Gilt
B04,9P_2,9,2,3,896.9300081,tetM,2,Gilt,yes,manure,1793860.016,2-Gilt
B06,9P_2,9,2,1,900.6417667,tetM,2,Gilt,yes,manure,1801283.533,2-Gilt
C04,9P_3,9,3,2,1070.151417,tetM,2,Gilt,yes,manure,2140302.834,2-Gilt
C06,9P_3,9,3,3,1083.13693,tetM,2,Gilt,yes,manure,2166273.86,2-Gilt
H07,INHF10_1,INHF10,1,1,916.4985863,tetM,Soil,Soil,Soil,soil,1832997.173,Soil
H08,INHF10_1,INHF10,1,2,967.4316688,tetM,Soil,Soil,Soil,soil,1934863.338,Soil
H09,INHF10_1,INHF10,1,3,901.2405634,tetM,Soil,Soil,Soil,soil,1802481.127,Soil
A10,INHF10_2,INHF10,2,1,21294.60413,tetM,Soil,Soil,Soil,soil,42589208.26,Soil
A11,INHF10_2,INHF10,2,2,21076.9104,tetM,Soil,Soil,Soil,soil,42153820.8,Soil
A12,INHF10_2,INHF10,2,3,20844.10185,tetM,Soil,Soil,Soil,soil,41688203.7,Soil
B10,INHF10_3,INHF10,3,1,1,tetM,Soil,Soil,Soil,soil,2000,Soil
B11,INHF10_3,INHF10,3,2,3.644663218,tetM,Soil,Soil,Soil,soil,7289.326436,Soil
B12,INHF10_3,INHF10,3,3,1,tetM,Soil,Soil,Soil,soil,2000,Soil
G04,Manure_1,manure,1,1,8073.299275,tetM,1,WF,yes,control manure,16146598.55,1-WF
G05,Manure_1,manure,1,2,8822.983562,tetM,1,WF,yes,control manure,17645967.12,1-WF
G06,Manure_1,manure,1,3,8901.249279,tetM,1,WF,yes,control manure,17802498.56,1-WF
H04,Manure_2,manure,2,1,5359.483061,tetM,1,WF,yes,control manure,10718966.12,1-WF
H05,Manure_2,manure,2,2,5473.79957,tetM,1,WF,yes,control manure,10947599.14,1-WF
H06,Manure_2,manure,2,3,5376.421504,tetM,1,WF,yes,control manure,10752843.01,1-WF
A07,Manure_3,manure,3,1,210345.0982,tetM,1,WF,yes,control manure,420690196.4,1-WF
A08,Manure_3,manure,3,2,207406.3534,tetM,1,WF,yes,control manure,414812706.8,1-WF
A09,Manure_3,manure,3,3,201535.5142,tetM,1,WF,yes,control manure,403071028.4,1-WF
E07,NEAL10_1,NEAL10,1,1,934.5003941,tetM,Soil,Soil,Soil,soil,1869000.788,Soil
E08,NEAL10_1,NEAL10,1,2,873.1234232,tetM,Soil,Soil,Soil,soil,1746246.846,Soil
E09,NEAL10_1,NEAL10,1,3,807.7120998,tetM,Soil,Soil,Soil,soil,1615424.2,Soil
F07,NEAL10_2,NEAL10,2,1,3.122743068,tetM,Soil,Soil,Soil,soil,6245.486136,Soil
F08,NEAL10_2,NEAL10,2,2,5.065145748,tetM,Soil,Soil,Soil,soil,10130.2915,Soil
F09,NEAL10_2,NEAL10,2,3,1,tetM,Soil,Soil,Soil,soil,2000,Soil
G07,NEAL10_3,NEAL10,3,1,1135.675951,tetM,Soil,Soil,Soil,soil,2271351.902,Soil
G08,NEAL10_3,NEAL10,3,2,1241.694097,tetM,Soil,Soil,Soil,soil,2483388.194,Soil
G09,NEAL10_3,NEAL10,3,3,1036.923782,tetM,Soil,Soil,Soil,soil,2073847.564,Soil
B07,WOR10_1,WOR10,1,1,423.8061254,tetM,Soil,Soil,Soil,soil,847612.2508,Soil
B08,WOR10_1,WOR10,1,2,420.7404687,tetM,Soil,Soil,Soil,soil,841480.9374,Soil
B09,WOR10_1,WOR10,1,3,435.3596182,tetM,Soil,Soil,Soil,soil,870719.2364,Soil
C07,WOR10_2,WOR10,2,1,285.095954,tetM,Soil,Soil,Soil,soil,570191.908,Soil
C08,WOR10_2,WOR10,2,2,285.3201325,tetM,Soil,Soil,Soil,soil,570640.265,Soil
C09,WOR10_2,WOR10,2,3,284.1629494,tetM,Soil,Soil,Soil,soil,568325.8988,Soil
D07,WOR10_3,WOR10,3,1,512.2763337,tetM,Soil,Soil,Soil,soil,1024552.667,Soil
D08,WOR10_3,WOR10,3,2,466.6517346,tetM,Soil,Soil,Soil,soil,933303.4692,Soil
D09,WOR10_3,WOR10,3,3,497.8199862,tetM,Soil,Soil,Soil,soil,995639.9724,Soil
